OSD1_2014-06-21_0m_NPL022,Archaea,7
OSD1_2014-06-21_0m_NPL022,Bacteria,619
OSD1_2014-06-21_0m_NPL022,Eukaryota,217
OSD1_2014-06-21_0m_NPL022,Unclassified,136
OSD10_2014-06-21_1m_NPL022,Bacteria,576
OSD10_2014-06-21_1m_NPL022,Eukaryota,164
OSD10_2014-06-21_1m_NPL022,Unclassified,111
OSD100_2014-06-22_1m_NPL022,Bacteria,752
OSD100_2014-06-22_1m_NPL022,Eukaryota,244
OSD100_2014-06-22_1m_NPL022,Unclassified,140
OSD101_2014-06-21_0m_NPL022,Archaea,7
OSD101_2014-06-21_0m_NPL022,Bacteria,981
OSD101_2014-06-21_0m_NPL022,Eukaryota,114
OSD101_2014-06-21_0m_NPL022,Unclassified,151
OSD102_2014-06-21_0m_NPL022,Archaea,3
OSD102_2014-06-21_0m_NPL022,Bacteria,635
OSD102_2014-06-21_0m_NPL022,Eukaryota,78
OSD102_2014-06-21_0m_NPL022,Unclassified,85
OSD103_2014-06-21_0m_NPL022,Archaea,6
OSD103_2014-06-21_0m_NPL022,Bacteria,959
OSD103_2014-06-21_0m_NPL022,Eukaryota,97
OSD103_2014-06-21_0m_NPL022,Unclassified,140
OSD105_2014-06-21_4.12m_NPL022,Archaea,12
OSD105_2014-06-21_4.12m_NPL022,Bacteria,1312
OSD105_2014-06-21_4.12m_NPL022,Eukaryota,186
OSD105_2014-06-21_4.12m_NPL022,Unclassified,185
OSD106_2014-06-20_0m_NPL022,Bacteria,1052
OSD106_2014-06-20_0m_NPL022,Eukaryota,277
OSD106_2014-06-20_0m_NPL022,Unclassified,123
OSD106_2014-06-20_15m_NPL022,Archaea,10
OSD106_2014-06-20_15m_NPL022,Bacteria,1345
OSD106_2014-06-20_15m_NPL022,Eukaryota,275
OSD106_2014-06-20_15m_NPL022,Unclassified,190
OSD107_2014-06-20_0m_NPL022,Archaea,1
OSD107_2014-06-20_0m_NPL022,Bacteria,503
OSD107_2014-06-20_0m_NPL022,Eukaryota,182
OSD107_2014-06-20_0m_NPL022,Unclassified,113
OSD108_2014-06-20_0m_NPL022,Archaea,1
OSD108_2014-06-20_0m_NPL022,Bacteria,511
OSD108_2014-06-20_0m_NPL022,Eukaryota,160
OSD108_2014-06-20_0m_NPL022,Unclassified,115
OSD109_2014-06-20_0m_NPL022,Archaea,1
OSD109_2014-06-20_0m_NPL022,Bacteria,417
OSD109_2014-06-20_0m_NPL022,Eukaryota,153
OSD109_2014-06-20_0m_NPL022,Unclassified,109
OSD110_2014-06-21_0m_NPL022,Archaea,2
OSD110_2014-06-21_0m_NPL022,Bacteria,959
OSD110_2014-06-21_0m_NPL022,Eukaryota,428
OSD110_2014-06-21_0m_NPL022,Unclassified,198
OSD111_2014-06-21_0m_NPL022,Archaea,4
OSD111_2014-06-21_0m_NPL022,Bacteria,1302
OSD111_2014-06-21_0m_NPL022,Eukaryota,179
OSD111_2014-06-21_0m_NPL022,Unclassified,180
OSD113_2014-06-21_39m_NPL022,Archaea,5
OSD113_2014-06-21_39m_NPL022,Bacteria,1267
OSD113_2014-06-21_39m_NPL022,Eukaryota,191
OSD113_2014-06-21_39m_NPL022,Unclassified,135
OSD114_2014-06-21_50m_NPL022,Archaea,3
OSD114_2014-06-21_50m_NPL022,Bacteria,603
OSD114_2014-06-21_50m_NPL022,Eukaryota,152
OSD114_2014-06-21_50m_NPL022,Unclassified,127
OSD115_2014-06-21_0m_NPL022,Archaea,3
OSD115_2014-06-21_0m_NPL022,Bacteria,1077
OSD115_2014-06-21_0m_NPL022,Eukaryota,137
OSD115_2014-06-21_0m_NPL022,Unclassified,136
OSD116_2014-06-21_0m_NPL022,Archaea,2
OSD116_2014-06-21_0m_NPL022,Bacteria,672
OSD116_2014-06-21_0m_NPL022,Eukaryota,275
OSD116_2014-06-21_0m_NPL022,Unclassified,153
OSD117_2014-06-21_0m_NPL022,Archaea,7
OSD117_2014-06-21_0m_NPL022,Bacteria,834
OSD117_2014-06-21_0m_NPL022,Eukaryota,174
OSD117_2014-06-21_0m_NPL022,Unclassified,145
OSD118_2014-06-24_0.2m_NPL022,Archaea,11
OSD118_2014-06-24_0.2m_NPL022,Bacteria,933
OSD118_2014-06-24_0.2m_NPL022,Eukaryota,109
OSD118_2014-06-24_0.2m_NPL022,Unclassified,137
OSD122_2014-06-22_0m_NPL022,Archaea,11
OSD122_2014-06-22_0m_NPL022,Bacteria,1576
OSD122_2014-06-22_0m_NPL022,Eukaryota,74
OSD122_2014-06-22_0m_NPL022,Unclassified,153
OSD123_2014-06-22_4m_NPL022,Archaea,4
OSD123_2014-06-22_4m_NPL022,Bacteria,623
OSD123_2014-06-22_4m_NPL022,Eukaryota,104
OSD123_2014-06-22_4m_NPL022,Unclassified,130
OSD124_2014-06-21_5m_NPL022,Archaea,37
OSD124_2014-06-21_5m_NPL022,Bacteria,894
OSD124_2014-06-21_5m_NPL022,Eukaryota,102
OSD124_2014-06-21_5m_NPL022,Unclassified,106
OSD125_2014-06-21_0m_NPL022,Archaea,2
OSD125_2014-06-21_0m_NPL022,Bacteria,1056
OSD125_2014-06-21_0m_NPL022,Eukaryota,85
OSD125_2014-06-21_0m_NPL022,Unclassified,109
OSD126_2014-06-21_1m_NPL022,Archaea,3
OSD126_2014-06-21_1m_NPL022,Bacteria,1701
OSD126_2014-06-21_1m_NPL022,Eukaryota,590
OSD126_2014-06-21_1m_NPL022,Unclassified,243
OSD127_2014-06-21_10m_NPL022,Bacteria,1061
OSD127_2014-06-21_10m_NPL022,Eukaryota,139
OSD127_2014-06-21_10m_NPL022,Unclassified,133
OSD128_2014-06-21_1m_NPL022,Bacteria,1134
OSD128_2014-06-21_1m_NPL022,Eukaryota,300
OSD128_2014-06-21_1m_NPL022,Unclassified,188
OSD129_2014-06-21_10m_NPL022,Bacteria,1830
OSD129_2014-06-21_10m_NPL022,Eukaryota,130
OSD129_2014-06-21_10m_NPL022,Unclassified,189
OSD13_2014-06-21_0m_NPL022,Archaea,1
OSD13_2014-06-21_0m_NPL022,Bacteria,599
OSD13_2014-06-21_0m_NPL022,Eukaryota,73
OSD13_2014-06-21_0m_NPL022,Unclassified,110
OSD130_2014-06-21_1m_NPL022,Archaea,1
OSD130_2014-06-21_1m_NPL022,Bacteria,1180
OSD130_2014-06-21_1m_NPL022,Eukaryota,303
OSD130_2014-06-21_1m_NPL022,Unclassified,154
OSD131_2014-06-21_1m_NPL022,Archaea,2
OSD131_2014-06-21_1m_NPL022,Bacteria,309
OSD131_2014-06-21_1m_NPL022,Eukaryota,57
OSD131_2014-06-21_1m_NPL022,Unclassified,57
OSD132_2014-06-22_0.5m_NPL022,Archaea,4
OSD132_2014-06-22_0.5m_NPL022,Bacteria,731
OSD132_2014-06-22_0.5m_NPL022,Eukaryota,79
OSD132_2014-06-22_0.5m_NPL022,Unclassified,127
OSD133_2014-06-21_0m_NPL022,Archaea,39
OSD133_2014-06-21_0m_NPL022,Bacteria,1482
OSD133_2014-06-21_0m_NPL022,Eukaryota,213
OSD133_2014-06-21_0m_NPL022,Unclassified,237
OSD14_2014-06-23_2m_NPL022,Archaea,2
OSD14_2014-06-23_2m_NPL022,Bacteria,704
OSD14_2014-06-23_2m_NPL022,Eukaryota,139
OSD14_2014-06-23_2m_NPL022,Unclassified,146
OSD141_2014-06-20_5m_NPL022,Archaea,11
OSD141_2014-06-20_5m_NPL022,Bacteria,1226
OSD141_2014-06-20_5m_NPL022,Eukaryota,731
OSD141_2014-06-20_5m_NPL022,Unclassified,233
OSD142_2014-06-21_1m_NPL022,Archaea,15
OSD142_2014-06-21_1m_NPL022,Bacteria,955
OSD142_2014-06-21_1m_NPL022,Eukaryota,128
OSD142_2014-06-21_1m_NPL022,Unclassified,161
OSD143_2014-06-21_1m_NPL022,Archaea,10
OSD143_2014-06-21_1m_NPL022,Bacteria,736
OSD143_2014-06-21_1m_NPL022,Eukaryota,243
OSD143_2014-06-21_1m_NPL022,Unclassified,169
OSD144_2014-06-24_0m_NPL022,Archaea,25
OSD144_2014-06-24_0m_NPL022,Bacteria,560
OSD144_2014-06-24_0m_NPL022,Eukaryota,194
OSD144_2014-06-24_0m_NPL022,Unclassified,113
OSD145_2014-06-21_0m_NPL022,Archaea,17
OSD145_2014-06-21_0m_NPL022,Bacteria,1200
OSD145_2014-06-21_0m_NPL022,Eukaryota,346
OSD145_2014-06-21_0m_NPL022,Unclassified,184
OSD146_2014-06-21_5m_NPL022,Archaea,16
OSD146_2014-06-21_5m_NPL022,Bacteria,1322
OSD146_2014-06-21_5m_NPL022,Eukaryota,524
OSD146_2014-06-21_5m_NPL022,Unclassified,216
OSD147_2014-06-21_0m_NPL022,Archaea,24
OSD147_2014-06-21_0m_NPL022,Bacteria,1049
OSD147_2014-06-21_0m_NPL022,Eukaryota,130
OSD147_2014-06-21_0m_NPL022,Unclassified,148
OSD148_2014-06-21_0m_NPL022,Archaea,15
OSD148_2014-06-21_0m_NPL022,Bacteria,611
OSD148_2014-06-21_0m_NPL022,Eukaryota,191
OSD148_2014-06-21_0m_NPL022,Unclassified,140
OSD149_2014-06-21_0m_NPL022,Archaea,1
OSD149_2014-06-21_0m_NPL022,Bacteria,641
OSD149_2014-06-21_0m_NPL022,Eukaryota,68
OSD149_2014-06-21_0m_NPL022,Unclassified,130
OSD15_2014-06-21_0m_NPL022,Bacteria,789
OSD15_2014-06-21_0m_NPL022,Eukaryota,95
OSD15_2014-06-21_0m_NPL022,Unclassified,118
OSD15_2014-06-21_50m_NPL022,Archaea,2
OSD15_2014-06-21_50m_NPL022,Bacteria,891
OSD15_2014-06-21_50m_NPL022,Eukaryota,75
OSD15_2014-06-21_50m_NPL022,Unclassified,92
OSD150_2014-06-21_0m_NPL022,Archaea,2
OSD150_2014-06-21_0m_NPL022,Bacteria,625
OSD150_2014-06-21_0m_NPL022,Eukaryota,118
OSD150_2014-06-21_0m_NPL022,Unclassified,104
OSD151_2014-06-21_0m_NPL022,Bacteria,210
OSD151_2014-06-21_0m_NPL022,Eukaryota,9
OSD151_2014-06-21_0m_NPL022,Unclassified,2
OSD152_2014-06-20_1m_NPL022,Bacteria,902
OSD152_2014-06-20_1m_NPL022,Eukaryota,288
OSD152_2014-06-20_1m_NPL022,Unclassified,154
OSD152_2014-06-20_5m_NPL022,Archaea,1
OSD152_2014-06-20_5m_NPL022,Bacteria,1235
OSD152_2014-06-20_5m_NPL022,Eukaryota,907
OSD152_2014-06-20_5m_NPL022,Unclassified,268
OSD153_2014-06-21_0m_NPL022,Archaea,28
OSD153_2014-06-21_0m_NPL022,Bacteria,1787
OSD153_2014-06-21_0m_NPL022,Eukaryota,268
OSD153_2014-06-21_0m_NPL022,Unclassified,295
OSD154_2014-06-20_1m_NPL022,Archaea,73
OSD154_2014-06-20_1m_NPL022,Bacteria,1757
OSD154_2014-06-20_1m_NPL022,Eukaryota,467
OSD154_2014-06-20_1m_NPL022,Unclassified,225
OSD155_2014-06-21_1m_NPL022,Archaea,1
OSD155_2014-06-21_1m_NPL022,Bacteria,848
OSD155_2014-06-21_1m_NPL022,Eukaryota,358
OSD155_2014-06-21_1m_NPL022,Unclassified,159
OSD156_2014-06-21_1m_NPL022,Archaea,2
OSD156_2014-06-21_1m_NPL022,Bacteria,2403
OSD156_2014-06-21_1m_NPL022,Eukaryota,362
OSD156_2014-06-21_1m_NPL022,Unclassified,270
OSD157_2014-06-20_1m_NPL022,Archaea,4
OSD157_2014-06-20_1m_NPL022,Bacteria,2249
OSD157_2014-06-20_1m_NPL022,Eukaryota,1104
OSD157_2014-06-20_1m_NPL022,Unclassified,341
OSD158_2014-06-21_0m_NPL022,Archaea,18
OSD158_2014-06-21_0m_NPL022,Bacteria,1250
OSD158_2014-06-21_0m_NPL022,Eukaryota,486
OSD158_2014-06-21_0m_NPL022,Unclassified,181
OSD159_2014-06-21_2m_NPL022,Archaea,26
OSD159_2014-06-21_2m_NPL022,Bacteria,1546
OSD159_2014-06-21_2m_NPL022,Eukaryota,318
OSD159_2014-06-21_2m_NPL022,Unclassified,194
OSD162_2014-06-23_1m_NPL022,Archaea,28
OSD162_2014-06-23_1m_NPL022,Bacteria,3241
OSD162_2014-06-23_1m_NPL022,Eukaryota,127
OSD162_2014-06-23_1m_NPL022,Unclassified,198
OSD163_2014-06-20_2m_NPL022,Archaea,41
OSD163_2014-06-20_2m_NPL022,Bacteria,2388
OSD163_2014-06-20_2m_NPL022,Eukaryota,242
OSD163_2014-06-20_2m_NPL022,Unclassified,279
OSD164_2014-06-13_2m_NPL022,Archaea,7
OSD164_2014-06-13_2m_NPL022,Bacteria,2778
OSD164_2014-06-13_2m_NPL022,Eukaryota,36
OSD164_2014-06-13_2m_NPL022,Unclassified,178
OSD165_2014-06-23_2m_NPL022,Archaea,36
OSD165_2014-06-23_2m_NPL022,Bacteria,2284
OSD165_2014-06-23_2m_NPL022,Eukaryota,210
OSD165_2014-06-23_2m_NPL022,Unclassified,320
OSD166_2014-06-21_0.5m_NPL022,Archaea,30
OSD166_2014-06-21_0.5m_NPL022,Bacteria,1954
OSD166_2014-06-21_0.5m_NPL022,Eukaryota,275
OSD166_2014-06-21_0.5m_NPL022,Unclassified,368
OSD167_2014-06-21_0.1m_NPL022,Archaea,3
OSD167_2014-06-21_0.1m_NPL022,Bacteria,3580
OSD167_2014-06-21_0.1m_NPL022,Eukaryota,95
OSD167_2014-06-21_0.1m_NPL022,Unclassified,381
OSD168_2014-06-21_2m_NPL022,Bacteria,1285
OSD168_2014-06-21_2m_NPL022,Eukaryota,120
OSD168_2014-06-21_2m_NPL022,Unclassified,29
OSD169_2014-06-21_0.1m_NPL022,Archaea,4
OSD169_2014-06-21_0.1m_NPL022,Bacteria,2609
OSD169_2014-06-21_0.1m_NPL022,Eukaryota,38
OSD169_2014-06-21_0.1m_NPL022,Unclassified,173
OSD17_2014-06-20_3m_NPL022,Archaea,21
OSD17_2014-06-20_3m_NPL022,Bacteria,603
OSD17_2014-06-20_3m_NPL022,Eukaryota,344
OSD17_2014-06-20_3m_NPL022,Unclassified,154
OSD170_2014-06-25_3m_NPL022,Archaea,6
OSD170_2014-06-25_3m_NPL022,Bacteria,1641
OSD170_2014-06-25_3m_NPL022,Eukaryota,386
OSD170_2014-06-25_3m_NPL022,Unclassified,263
OSD171_2014-06-25_3m_NPL022,Archaea,45
OSD171_2014-06-25_3m_NPL022,Bacteria,1945
OSD171_2014-06-25_3m_NPL022,Eukaryota,765
OSD171_2014-06-25_3m_NPL022,Unclassified,242
OSD172_2014-06-25_3m_NPL022,Archaea,1
OSD172_2014-06-25_3m_NPL022,Bacteria,1390
OSD172_2014-06-25_3m_NPL022,Eukaryota,127
OSD172_2014-06-25_3m_NPL022,Unclassified,11
OSD173_2014-06-25_3m_NPL022,Archaea,19
OSD173_2014-06-25_3m_NPL022,Bacteria,1814
OSD173_2014-06-25_3m_NPL022,Eukaryota,413
OSD173_2014-06-25_3m_NPL022,Unclassified,269
OSD174_2014-06-25_3m_NPL022,Archaea,9
OSD174_2014-06-25_3m_NPL022,Bacteria,552
OSD174_2014-06-25_3m_NPL022,Eukaryota,293
OSD174_2014-06-25_3m_NPL022,Unclassified,100
OSD175_2014-06-24_3m_NPL022,Archaea,46
OSD175_2014-06-24_3m_NPL022,Bacteria,448
OSD175_2014-06-24_3m_NPL022,Eukaryota,402
OSD175_2014-06-24_3m_NPL022,Unclassified,108
OSD176_2014-06-24_3m_NPL022,Archaea,59
OSD176_2014-06-24_3m_NPL022,Bacteria,783
OSD176_2014-06-24_3m_NPL022,Eukaryota,412
OSD176_2014-06-24_3m_NPL022,Unclassified,130
OSD177_2014-06-24_3m_NPL022,Archaea,14
OSD177_2014-06-24_3m_NPL022,Bacteria,636
OSD177_2014-06-24_3m_NPL022,Eukaryota,234
OSD177_2014-06-24_3m_NPL022,Unclassified,100
OSD178_2014-06-24_3m_NPL022,Archaea,16
OSD178_2014-06-24_3m_NPL022,Bacteria,697
OSD178_2014-06-24_3m_NPL022,Eukaryota,195
OSD178_2014-06-24_3m_NPL022,Unclassified,91
OSD18_2014-06-20_75m_NPL022,Archaea,26
OSD18_2014-06-20_75m_NPL022,Bacteria,626
OSD18_2014-06-20_75m_NPL022,Eukaryota,127
OSD18_2014-06-20_75m_NPL022,Unclassified,91
OSD182_2014-06-24_3m_NPL022,Archaea,118
OSD182_2014-06-24_3m_NPL022,Bacteria,1149
OSD182_2014-06-24_3m_NPL022,Eukaryota,161
OSD182_2014-06-24_3m_NPL022,Unclassified,152
OSD183_2014-06-24_3m_NPL022,Archaea,55
OSD183_2014-06-24_3m_NPL022,Bacteria,969
OSD183_2014-06-24_3m_NPL022,Eukaryota,265
OSD183_2014-06-24_3m_NPL022,Unclassified,117
OSD184_2014-06-24_3m_NPL022,Archaea,116
OSD184_2014-06-24_3m_NPL022,Bacteria,1054
OSD184_2014-06-24_3m_NPL022,Eukaryota,220
OSD184_2014-06-24_3m_NPL022,Unclassified,147
OSD185_2014-06-24_3m_NPL022,Archaea,112
OSD185_2014-06-24_3m_NPL022,Bacteria,761
OSD185_2014-06-24_3m_NPL022,Eukaryota,249
OSD185_2014-06-24_3m_NPL022,Unclassified,95
OSD186_2014-06-21_2.4m_NPL022,Bacteria,420
OSD186_2014-06-21_2.4m_NPL022,Eukaryota,70
OSD186_2014-06-21_2.4m_NPL022,Unclassified,77
OSD19_2014-06-23_2m_NPL022,Bacteria,963
OSD19_2014-06-23_2m_NPL022,Eukaryota,165
OSD19_2014-06-23_2m_NPL022,Unclassified,174
OSD2_2014-06-20_0m_NPL022,Archaea,28
OSD2_2014-06-20_0m_NPL022,Bacteria,790
OSD2_2014-06-20_0m_NPL022,Eukaryota,175
OSD2_2014-06-20_0m_NPL022,Unclassified,153
OSD20_2014-06-20_0m_NPL022,Archaea,4
OSD20_2014-06-20_0m_NPL022,Bacteria,731
OSD20_2014-06-20_0m_NPL022,Eukaryota,245
OSD20_2014-06-20_0m_NPL022,Unclassified,144
OSD20_2014-06-20_20m_NPL022,Archaea,1
OSD20_2014-06-20_20m_NPL022,Bacteria,791
OSD20_2014-06-20_20m_NPL022,Eukaryota,235
OSD20_2014-06-20_20m_NPL022,Unclassified,152
OSD21_2014-06-21_0m_NPL022,Archaea,4
OSD21_2014-06-21_0m_NPL022,Bacteria,860
OSD21_2014-06-21_0m_NPL022,Eukaryota,69
OSD21_2014-06-21_0m_NPL022,Unclassified,116
OSD22_2014-06-23_1m_NPL022,Bacteria,318
OSD22_2014-06-23_1m_NPL022,Eukaryota,78
OSD22_2014-06-23_1m_NPL022,Unclassified,53
OSD24_2014-06-21_0m_NPL022,Archaea,8
OSD24_2014-06-21_0m_NPL022,Bacteria,770
OSD24_2014-06-21_0m_NPL022,Eukaryota,137
OSD24_2014-06-21_0m_NPL022,Unclassified,202
OSD25_2014-06-21_0m_NPL022,Archaea,27
OSD25_2014-06-21_0m_NPL022,Bacteria,1247
OSD25_2014-06-21_0m_NPL022,Eukaryota,75
OSD25_2014-06-21_0m_NPL022,Unclassified,220
OSD26_2014-06-21_0m_NPL022,Archaea,6
OSD26_2014-06-21_0m_NPL022,Bacteria,762
OSD26_2014-06-21_0m_NPL022,Eukaryota,72
OSD26_2014-06-21_0m_NPL022,Unclassified,192
OSD28_2014-06-21_0.2m_NPL022,Archaea,7
OSD28_2014-06-21_0.2m_NPL022,Bacteria,519
OSD28_2014-06-21_0.2m_NPL022,Eukaryota,44
OSD28_2014-06-21_0.2m_NPL022,Unclassified,160
OSD29_2014-06-21_0.2m_NPL022,Archaea,15
OSD29_2014-06-21_0.2m_NPL022,Bacteria,736
OSD29_2014-06-21_0.2m_NPL022,Eukaryota,216
OSD29_2014-06-21_0.2m_NPL022,Unclassified,150
OSD3_2014-06-20_0m_NPL022,Archaea,37
OSD3_2014-06-20_0m_NPL022,Bacteria,556
OSD3_2014-06-20_0m_NPL022,Eukaryota,271
OSD3_2014-06-20_0m_NPL022,Unclassified,135
OSD30_2014-06-20_2m_NPL022,Archaea,2
OSD30_2014-06-20_2m_NPL022,Bacteria,759
OSD30_2014-06-20_2m_NPL022,Eukaryota,446
OSD30_2014-06-20_2m_NPL022,Unclassified,209
OSD34_2014-06-21_0m_NPL022,Archaea,1
OSD34_2014-06-21_0m_NPL022,Bacteria,736
OSD34_2014-06-21_0m_NPL022,Eukaryota,53
OSD34_2014-06-21_0m_NPL022,Unclassified,194
OSD35_2014-06-21_1m_NPL022,Bacteria,681
OSD35_2014-06-21_1m_NPL022,Eukaryota,221
OSD35_2014-06-21_1m_NPL022,Unclassified,190
OSD36_2014-06-21_0.5m_NPL022,Archaea,4
OSD36_2014-06-21_0.5m_NPL022,Bacteria,731
OSD36_2014-06-21_0.5m_NPL022,Eukaryota,171
OSD36_2014-06-21_0.5m_NPL022,Unclassified,193
OSD37_2014-06-19_1m_NPL022,Archaea,20
OSD37_2014-06-19_1m_NPL022,Bacteria,1279
OSD37_2014-06-19_1m_NPL022,Eukaryota,450
OSD37_2014-06-19_1m_NPL022,Unclassified,343
OSD38_2014-06-20_0m_NPL022,Archaea,10
OSD38_2014-06-20_0m_NPL022,Bacteria,998
OSD38_2014-06-20_0m_NPL022,Eukaryota,76
OSD38_2014-06-20_0m_NPL022,Unclassified,157
OSD39_2014-06-19_0.1m_NPL022,Archaea,10
OSD39_2014-06-19_0.1m_NPL022,Bacteria,913
OSD39_2014-06-19_0.1m_NPL022,Eukaryota,65
OSD39_2014-06-19_0.1m_NPL022,Unclassified,187
OSD4_2014-06-20_0m_NPL022,Bacteria,862
OSD4_2014-06-20_0m_NPL022,Eukaryota,153
OSD4_2014-06-20_0m_NPL022,Unclassified,164
OSD41_2014-06-21_1m_NPL022,Bacteria,668
OSD41_2014-06-21_1m_NPL022,Eukaryota,41
OSD41_2014-06-21_1m_NPL022,Unclassified,8
OSD42_2014-06-21_3m_NPL022,Bacteria,36
OSD42_2014-06-21_3m_NPL022,Eukaryota,6100
OSD42_2014-06-21_3m_NPL022,Unclassified,1028
OSD43_2014-06-21_0m_NPL022,Archaea,2
OSD43_2014-06-21_0m_NPL022,Bacteria,881
OSD43_2014-06-21_0m_NPL022,Eukaryota,159
OSD43_2014-06-21_0m_NPL022,Unclassified,137
OSD45_2014-06-22_0m_NPL022,Archaea,2
OSD45_2014-06-22_0m_NPL022,Bacteria,1014
OSD45_2014-06-22_0m_NPL022,Eukaryota,88
OSD45_2014-06-22_0m_NPL022,Unclassified,196
OSD46_2014-06-21_0m_NPL022,Bacteria,102
OSD46_2014-06-21_0m_NPL022,Eukaryota,19
OSD46_2014-06-21_0m_NPL022,Unclassified,18
OSD47_2014-06-21_0m_NPL022,Archaea,3
OSD47_2014-06-21_0m_NPL022,Bacteria,923
OSD47_2014-06-21_0m_NPL022,Eukaryota,154
OSD47_2014-06-21_0m_NPL022,Unclassified,222
OSD48_2014-06-21_0m_NPL022,Archaea,1
OSD48_2014-06-21_0m_NPL022,Bacteria,332
OSD48_2014-06-21_0m_NPL022,Eukaryota,186
OSD48_2014-06-21_0m_NPL022,Unclassified,125
OSD49_2014-06-21_2m_NPL022,Bacteria,788
OSD49_2014-06-21_2m_NPL022,Eukaryota,309
OSD49_2014-06-21_2m_NPL022,Unclassified,139
OSD5_2014-06-19_1m_NPL022,Archaea,2
OSD5_2014-06-19_1m_NPL022,Bacteria,556
OSD5_2014-06-19_1m_NPL022,Eukaryota,133
OSD5_2014-06-19_1m_NPL022,Unclassified,123
OSD5_2014-06-19_75m_NPL022,Archaea,9
OSD5_2014-06-19_75m_NPL022,Bacteria,644
OSD5_2014-06-19_75m_NPL022,Eukaryota,62
OSD5_2014-06-19_75m_NPL022,Unclassified,140
OSD50_2014-06-20_0m_NPL022,Archaea,2
OSD50_2014-06-20_0m_NPL022,Bacteria,1212
OSD50_2014-06-20_0m_NPL022,Eukaryota,291
OSD50_2014-06-20_0m_NPL022,Unclassified,273
OSD51_2014-06-21_2m_NPL022,Archaea,76
OSD51_2014-06-21_2m_NPL022,Bacteria,1032
OSD51_2014-06-21_2m_NPL022,Eukaryota,261
OSD51_2014-06-21_2m_NPL022,Unclassified,168
OSD52_2014-06-21_1m_NPL022,Archaea,2
OSD52_2014-06-21_1m_NPL022,Bacteria,3269
OSD52_2014-06-21_1m_NPL022,Eukaryota,83
OSD52_2014-06-21_1m_NPL022,Unclassified,359
OSD53_2014-06-21_1m_NPL022,Archaea,4
OSD53_2014-06-21_1m_NPL022,Bacteria,1451
OSD53_2014-06-21_1m_NPL022,Eukaryota,19
OSD53_2014-06-21_1m_NPL022,Unclassified,167
OSD54_2014-06-21_1m_NPL022,Archaea,2
OSD54_2014-06-21_1m_NPL022,Bacteria,1043
OSD54_2014-06-21_1m_NPL022,Eukaryota,438
OSD54_2014-06-21_1m_NPL022,Unclassified,232
OSD55_2014-06-21_1m_NPL022,Archaea,10
OSD55_2014-06-21_1m_NPL022,Bacteria,1135
OSD55_2014-06-21_1m_NPL022,Eukaryota,370
OSD55_2014-06-21_1m_NPL022,Unclassified,190
OSD56_2014-06-24_0m_NPL022,Archaea,7
OSD56_2014-06-24_0m_NPL022,Bacteria,1454
OSD56_2014-06-24_0m_NPL022,Eukaryota,336
OSD56_2014-06-24_0m_NPL022,Unclassified,250
OSD57_2014-06-24_0m_NPL022,Archaea,23
OSD57_2014-06-24_0m_NPL022,Bacteria,822
OSD57_2014-06-24_0m_NPL022,Eukaryota,139
OSD57_2014-06-24_0m_NPL022,Unclassified,127
OSD58_2014-06-21_1m_NPL022,Archaea,7
OSD58_2014-06-21_1m_NPL022,Bacteria,661
OSD58_2014-06-21_1m_NPL022,Eukaryota,246
OSD58_2014-06-21_1m_NPL022,Unclassified,135
OSD6_2014-06-21_0m_NPL022,Archaea,1
OSD6_2014-06-21_0m_NPL022,Bacteria,663
OSD6_2014-06-21_0m_NPL022,Eukaryota,24
OSD6_2014-06-21_0m_NPL022,Unclassified,87
OSD60_2014-06-19_0.1m_NPL022,Archaea,17
OSD60_2014-06-19_0.1m_NPL022,Bacteria,1013
OSD60_2014-06-19_0.1m_NPL022,Eukaryota,235
OSD60_2014-06-19_0.1m_NPL022,Unclassified,222
OSD61_2014-06-21_0.5m_NPL022,Archaea,7
OSD61_2014-06-21_0.5m_NPL022,Bacteria,994
OSD61_2014-06-21_0.5m_NPL022,Eukaryota,209
OSD61_2014-06-21_0.5m_NPL022,Unclassified,172
OSD62_2014-06-21_0.2m_NPL022,Archaea,54
OSD62_2014-06-21_0.2m_NPL022,Bacteria,727
OSD62_2014-06-21_0.2m_NPL022,Eukaryota,157
OSD62_2014-06-21_0.2m_NPL022,Unclassified,131
OSD63_2014-06-20_0m_NPL022,Bacteria,2295
OSD63_2014-06-20_0m_NPL022,Eukaryota,20
OSD63_2014-06-20_0m_NPL022,Unclassified,240
OSD64_2014-06-21_1m_NPL022,Bacteria,746
OSD64_2014-06-21_1m_NPL022,Eukaryota,60
OSD64_2014-06-21_1m_NPL022,Unclassified,125
OSD65_2014-06-20_0.1m_NPL022,Archaea,72
OSD65_2014-06-20_0.1m_NPL022,Bacteria,1294
OSD65_2014-06-20_0.1m_NPL022,Eukaryota,200
OSD65_2014-06-20_0.1m_NPL022,Unclassified,186
OSD69_2014-06-21_0m_NPL022,Archaea,1
OSD69_2014-06-21_0m_NPL022,Bacteria,661
OSD69_2014-06-21_0m_NPL022,Eukaryota,429
OSD69_2014-06-21_0m_NPL022,Unclassified,157
OSD7_2014-06-21_0.1m_NPL022,Archaea,9
OSD7_2014-06-21_0.1m_NPL022,Bacteria,1031
OSD7_2014-06-21_0.1m_NPL022,Eukaryota,715
OSD7_2014-06-21_0.1m_NPL022,Unclassified,251
OSD70_2014-06-21_0m_NPL022,Archaea,2
OSD70_2014-06-21_0m_NPL022,Bacteria,613
OSD70_2014-06-21_0m_NPL022,Eukaryota,279
OSD70_2014-06-21_0m_NPL022,Unclassified,129
OSD71_2014-06-21_0m_NPL022,Archaea,74
OSD71_2014-06-21_0m_NPL022,Bacteria,1254
OSD71_2014-06-21_0m_NPL022,Eukaryota,186
OSD71_2014-06-21_0m_NPL022,Unclassified,138
OSD72_2014-07-21_0.8m_NPL022,Archaea,1
OSD72_2014-07-21_0.8m_NPL022,Bacteria,1042
OSD72_2014-07-21_0.8m_NPL022,Eukaryota,253
OSD72_2014-07-21_0.8m_NPL022,Unclassified,123
OSD73_2014-06-21_1m_NPL022,Archaea,2
OSD73_2014-06-21_1m_NPL022,Bacteria,862
OSD73_2014-06-21_1m_NPL022,Eukaryota,216
OSD73_2014-06-21_1m_NPL022,Unclassified,139
OSD74_2014-06-21_1m_NPL022,Bacteria,989
OSD74_2014-06-21_1m_NPL022,Eukaryota,157
OSD74_2014-06-21_1m_NPL022,Unclassified,145
OSD76_2014-06-20_0.5m_NPL022,Bacteria,704
OSD76_2014-06-20_0.5m_NPL022,Eukaryota,32
OSD76_2014-06-20_0.5m_NPL022,Unclassified,120
OSD77_2014-06-20_0.5m_NPL022,Bacteria,623
OSD77_2014-06-20_0.5m_NPL022,Eukaryota,64
OSD77_2014-06-20_0.5m_NPL022,Unclassified,128
OSD78_2014-06-21_0.5m_NPL022,Bacteria,609
OSD78_2014-06-21_0.5m_NPL022,Eukaryota,209
OSD78_2014-06-21_0.5m_NPL022,Unclassified,121
OSD80_2014-06-21_0m_NPL022,Bacteria,1372
OSD80_2014-06-21_0m_NPL022,Eukaryota,1028
OSD80_2014-06-21_0m_NPL022,Unclassified,295
OSD80_2014-06-21_2m_NPL022,Archaea,6
OSD80_2014-06-21_2m_NPL022,Bacteria,1820
OSD80_2014-06-21_2m_NPL022,Eukaryota,241
OSD80_2014-06-21_2m_NPL022,Unclassified,134
OSD81_2014-06-21_0m_NPL022,Archaea,10
OSD81_2014-06-21_0m_NPL022,Bacteria,909
OSD81_2014-06-21_0m_NPL022,Eukaryota,129
OSD81_2014-06-21_0m_NPL022,Unclassified,153
OSD9_2014-06-18_0m_NPL022,Archaea,1
OSD9_2014-06-18_0m_NPL022,Bacteria,551
OSD9_2014-06-18_0m_NPL022,Eukaryota,94
OSD9_2014-06-18_0m_NPL022,Unclassified,105
OSD90_2014-06-21_2m_NPL022,Archaea,1
OSD90_2014-06-21_2m_NPL022,Bacteria,912
OSD90_2014-06-21_2m_NPL022,Eukaryota,85
OSD90_2014-06-21_2m_NPL022,Unclassified,164
OSD91_2014-06-21_2m_NPL022,Archaea,4
OSD91_2014-06-21_2m_NPL022,Bacteria,699
OSD91_2014-06-21_2m_NPL022,Eukaryota,400
OSD91_2014-06-21_2m_NPL022,Unclassified,168
OSD92_2014-06-21_2m_NPL022,Archaea,22
OSD92_2014-06-21_2m_NPL022,Bacteria,1291
OSD92_2014-06-21_2m_NPL022,Eukaryota,80
OSD92_2014-06-21_2m_NPL022,Unclassified,155
OSD93_2014-06-21_2m_NPL022,Bacteria,1374
OSD93_2014-06-21_2m_NPL022,Eukaryota,230
OSD93_2014-06-21_2m_NPL022,Unclassified,167
OSD94_2014-06-21_0m_NPL022,Archaea,15
OSD94_2014-06-21_0m_NPL022,Bacteria,952
OSD94_2014-06-21_0m_NPL022,Eukaryota,162
OSD94_2014-06-21_0m_NPL022,Unclassified,158
OSD95_2014-06-21_0m_NPL022,Archaea,71
OSD95_2014-06-21_0m_NPL022,Bacteria,790
OSD95_2014-06-21_0m_NPL022,Eukaryota,458
OSD95_2014-06-21_0m_NPL022,Unclassified,168
OSD96_2014-06-21_0m_NPL022,Archaea,3
OSD96_2014-06-21_0m_NPL022,Bacteria,1083
OSD96_2014-06-21_0m_NPL022,Eukaryota,110
OSD96_2014-06-21_0m_NPL022,Unclassified,43
OSD97_2014-06-21_0.5m_NPL022,Archaea,16
OSD97_2014-06-21_0.5m_NPL022,Bacteria,961
OSD97_2014-06-21_0.5m_NPL022,Eukaryota,453
OSD97_2014-06-21_0.5m_NPL022,Unclassified,203
OSD98_2014-06-21_0.5m_NPL022,Archaea,35
OSD98_2014-06-21_0.5m_NPL022,Bacteria,922
OSD98_2014-06-21_0.5m_NPL022,Eukaryota,327
OSD98_2014-06-21_0.5m_NPL022,Unclassified,197
OSD99_2014-06-21_1m_NPL022,Bacteria,540
OSD99_2014-06-21_1m_NPL022,Eukaryota,172
OSD99_2014-06-21_1m_NPL022,Unclassified,97
