sample_name	ena_read_no	pangaea_id	publication	type_of_study	seq_method	date_verb	latitude_verb	longitude_verb	depth_verb	feature_verb
TARA_004_DCM_0.22-1.6	ERR598950|ERR599095	TARA_X000000368	sunagawa2015|lima-mendez2015	metagenome	Illumina HiSeq 2000	2009-09-15T18:00	36.5533	-6.5669	40	(DCM) deep chlorophyll maximum layer (ENVO:01000326)
TARA_004_DCM_0.8-5	ERR562552	TARA_X000000408	lima-mendez2015	amplicon	Illumina Genome Analyzer IIx	2009-09-15T18:00	36.5533	-6.5669	40	(DCM) deep chlorophyll maximum layer (ENVO:01000326)
TARA_004_SRF_0.22-1.6	ERR164420	TARA_Y200000002	sunagawa2015|lima-mendez2015	metagenome	454 GS FLX Titanium	2009-09-15T11:30	36.5533	-6.5669	5	(SRF) surface water layer (ENVO:00002042)
TARA_004_SRF_0.8-5	ERR562413	TARA_X000000323	lima-mendez2015	amplicon	Illumina Genome Analyzer IIx	2009-09-15T11:30	36.5533	-6.5669	5	(SRF) surface water layer (ENVO:00002042)
TARA_004_SRF_180-2000	ERR562479	TARA_X000000357	lima-mendez2015	amplicon	Illumina Genome Analyzer IIx	2009-09-15T15:00	36.5533	-6.5669	5	(SRF) surface water layer (ENVO:00002042)
TARA_007_DCM_0.22-1.6	ERR315856	TARA_A200000159	sunagawa2015|lima-mendez2015	metagenome	Illumina HiSeq 2000	2009-09-23T16:08	37.0541	1.9478	42	(DCM) deep chlorophyll maximum layer (ENVO:01000326)
TARA_007_DCM_0.8-5	ERR538182|ERR315803|ERR315811|ERR550537|ERR562726	TARA_A200000158	lima-mendez2015	metagenome| metagenome|metagenome|metatranscriptome|amplicon	Illumina Genome Analyzer IIx|illumina|illumina|Illumina HiSeq 2000|Illumina Genome Analyzer IIx	2009-09-23T16:08	37.0541	1.9478	42	(DCM) deep chlorophyll maximum layer (ENVO:01000326)
TARA_007_DCM_180-2000	ERR315807|ERR315810|ERR315813|ERR315819|ERR315826|ERR562545	TARA_X000000741	lima-mendez2015	metagenome|metagenome|metagenome|metagenome|metagenome|amplicon	illumina|illumina|illumina|illumina|illumina|Illumina Genome Analyzer IIx	2009-09-23T18:11	37.018	1.9476	42	(DCM) deep chlorophyll maximum layer (ENVO:01000326)
TARA_007_DCM_20-180	ERR538176|ERR315809|ERR562425	TARA_A200000102	lima-mendez2015	metagenome|metagenome|metagenome	Illumina HiSeq 2000|Illumina HiSeq 2000|Illumina HiSeq 2000	2009-09-23T18:32	37.0112	1.946	42	(DCM) deep chlorophyll maximum layer (ENVO:01000326)
TARA_007_SRF_0.22-1.6	ERR315857	TARA_A200000113	sunagawa2015|lima-mendez2015	metagenome	Illumina HiSeq 2000	2009-09-23T12:50	37.051	1.9378	5	(SRF) surface water layer (ENVO:00002042)
TARA_007_SRF_0.8-5	ERR315798|ERR315800|ERR315801|ERR315802|ERR315805|ERR315812|ERR315814|ERR315815|ERR315817|ERR315820|ERR315821|ERR315822|ERR315824|ERR315825|ERR550396|ERR550403|ERR562530	TARA_A200000123	lima-mendez2015	metagenome	Illumina HiSeq 2000	2009-09-23T12:50	37.051	1.9378	5	(SRF) surface water layer (ENVO:00002042)
TARA_007_SRF_180-2000	ERR538180|ERR315823|ERR562428	TARA_A200000170	lima-mendez2015	metagenome|metagenom|amplicon	Illumina HiSeq 2000|Illumina HiSeq 2000|Illumina Genome Analyzer IIx	2009-09-23T17:54	37.0242	1.9486	5	(SRF) surface water layer (ENVO:00002042)
TARA_007_SRF_20-180	ERR538183|ERR315827|ERR550381|ERR550393|ERR562558	TARA_A200000139	lima-mendez2015	metagenome|metagenome|metatranscriptome|metatranscriptome|amplicon	Illumina HiSeq 2000|Illumina HiSeq 2000|Illumina HiSeq 2000|Illumina HiSeq 2000|Illumina Genome Analyzer IIx	2009-09-23T14:39	37.0299	1.9575	5	(SRF) surface water layer (ENVO:00002042)
TARA_009_DCM_0.22-1.6	ERR594315|ERR594329	TARA_X000001036	sunagawa2015|lima-mendez2015	metagenome|metagenom	Illumina HiSeq 2000|Illumina HiSeq 2000	2009-09-28T16:59	39.0609	5.9422	55	(DCM) deep chlorophyll maximum layer (ENVO:01000326)
TARA_009_DCM_0.8-5	ERR562475	TARA_X000001040	lima-mendez2015	amplicon	Illumina Genome Analyzer IIx	2009-09-28T16:59	39.0609	5.9422	55	(DCM) deep chlorophyll maximum layer (ENVO:01000326)
TARA_009_DCM_180-2000	ERR562712	TARA_X000001010	lima-mendez2015	amplicon	Illumina Genome Analyzer IIx	2009-09-28T15:22	39.0862	5.78	60	(DCM) deep chlorophyll maximum layer (ENVO:01000326)
TARA_009_SRF_0.22-1.6	ERR594288|ERR594316|ERR594317	TARA_X000000950	sunagawa2015|lima-mendez2015	metagenome	Illumina HiSeq 2000	2009-09-28T12:18	39.1633	5.916	5	(SRF) surface water layer (ENVO:00002042)
TARA_009_SRF_0.8-5	ERR562566	TARA_X000000954	lima-mendez2015	amplicon	Illumina Genome Analyzer IIx	2009-09-28T12:18	39.1633	5.916	5	(SRF) surface water layer (ENVO:00002042)
TARA_009_SRF_180-2000	ERR562595	TARA_X000001006	lima-mendez2015	amplicon	Illumina Genome Analyzer IIx	2009-09-28T15:08	39.0856	5.7927	5	(SRF) surface water layer (ENVO:00002042)
TARA_011_SRF_0.8-5	ERR562590	TARA_X000001288	lima-mendez2015	amplicon	Illumina Genome Analyzer IIx	2009-10-04T08:30	41.6686	2.7996	5	(SRF) surface water layer (ENVO:00002042)
TARA_011_SRF_180-2000	ERR562474	TARA_X000001334	lima-mendez2015	amplicon	Illumina Genome Analyzer IIx	2009-10-04T14:16	41.6666	2.7962	5	(SRF) surface water layer (ENVO:00002042)
TARA_011_SRF_20-180	ERR562727	TARA_X000001338	lima-mendez2015	amplicon	Illumina Genome Analyzer IIx	2009-10-04T15:30	41.6663	2.7994	5	(SRF) surface water layer (ENVO:00002042)
TARA_016_DCM_0.8-5	ERR562662	TARA_A100000035	lima-mendez2015	amplicon	Illumina Genome Analyzer IIx	2009-10-27T13:50	37.4532	15.4596	65	(DCM) deep chlorophyll maximum layer (ENVO:01000326)
TARA_016_SRF_0.8-5	ERR562614	TARA_A100000032	lima-mendez2015	amplicon	Illumina Genome Analyzer IIx	2009-10-27T08:22	37.4956	15.4945	5	(SRF) surface water layer (ENVO:00002042)
TARA_018_DCM_<-0.22	ERR594352	TARA_A100000172	sunagawa2015	metagenome	Illumina HiSeq 2000	2009-11-02T14:07	35.7528	14.2765	60	(DCM) deep chlorophyll maximum layer (ENVO:01000326)
TARA_018_DCM_0.22-1.6	ERR599073|ERR599092	TARA_S200000501	sunagawa2015|lima-mendez2015	metagenome	Illumina HiSeq 2000	2009-11-02T14:07	35.7528	14.2765	60	(DCM) deep chlorophyll maximum layer (ENVO:01000326)
TARA_018_DCM_0.8-5	ERR562543	TARA_A100000604	lima-mendez2015	amplicon	Illumina Genome Analyzer IIx	2009-11-02T14:07	35.7528	14.2765	60	(DCM) deep chlorophyll maximum layer (ENVO:01000326)
TARA_018_DCM_180-2000	ERR562411	TARA_A100000600	lima-mendez2015	amplicon	Illumina Genome Analyzer IIx	2009-11-02T14:30	35.7528	14.2765	80	(DCM) deep chlorophyll maximum layer (ENVO:01000326)
TARA_018_DCM_20-180	ERR562417	TARA_A100000589	lima-mendez2015	amplicon	Illumina Genome Analyzer IIx	2009-11-02T14:15	35.7528	14.2765	80	(DCM) deep chlorophyll maximum layer (ENVO:01000326)
TARA_018_SRF_<-0.22	ERR594358	TARA_A100000171	sunagawa2015	metagenome	Illumina HiSeq 2000	2009-11-02T08:13	35.759	14.2574	5	(SRF) surface water layer (ENVO:00002042)
TARA_018_SRF_0.22-1.6	ERR598993|ERR599140	TARA_A100000164	sunagawa2015|lima-mendez2015	metagenome	Illumina HiSeq 2000	2009-11-02T08:13	35.759	14.2574	5	(SRF) surface water layer (ENVO:00002042)
TARA_018_SRF_0.8-5	ERR562643	TARA_A100000595	lima-mendez2015	amplicon	Illumina Genome Analyzer IIx	2009-11-02T08:13	35.759	14.2574	5	(SRF) surface water layer (ENVO:00002042)
TARA_018_SRF_180-2000	ERR562510	TARA_A100000594	lima-mendez2015	amplicon	Illumina Genome Analyzer IIx	2009-11-02T11:25	35.7405	14.3238	5	(SRF) surface water layer (ENVO:00002042)
TARA_018_SRF_20-180	ERR562448	TARA_A100000596	lima-mendez2015	amplicon	Illumina Genome Analyzer IIx	2009-11-02T10:31	35.7444	14.3083	5	(SRF) surface water layer (ENVO:00002042)
TARA_020_SRF_0.8-5	ERR562498	TARA_A100000758	lima-mendez2015	amplicon	Illumina Genome Analyzer IIx	2009-11-12T14:09	34.453	14.9538	5	(SRF) surface water layer (ENVO:00002042)
TARA_020_SRF_180-2000	ERR562414	TARA_A100000759	lima-mendez2015	amplicon	Illumina Genome Analyzer IIx	2009-11-12T17:44	34.4064	15.043	5	(SRF) surface water layer (ENVO:00002042)
TARA_020_SRF_20-180	ERR562573	TARA_A100000750	lima-mendez2015	amplicon	Illumina Genome Analyzer IIx	2009-11-12T12:20	34.4933	14.9133	5	(SRF) surface water layer (ENVO:00002042)
TARA_022_DCM_0.8-5	ERR562405	TARA_A100000698	lima-mendez2015	amplicon	Illumina Genome Analyzer IIx	2009-11-16T14:53	39.5705	17.4101	30	(DCM) deep chlorophyll maximum layer (ENVO:01000326)
TARA_022_DCM_180-2000	ERR566174	TARA_A100000700	lima-mendez2015	amplicon	Illumina Genome Analyzer IIx	2009-11-16T09:37	39.8607	17.4105	0-200	(DCM) deep chlorophyll maximum layer (ENVO:01000326)
TARA_022_DCM_20-180	ERR562502	TARA_A100000695	lima-mendez2015	amplicon	Illumina Genome Analyzer IIx	2009-11-16T17:03	39.8661	17.3868	60	(DCM) deep chlorophyll maximum layer (ENVO:01000326)
TARA_022_SRF_<-0.22	ERR594378|ERR594406	TARA_S200002703	sunagawa2015	metagenome	Illumina HiSeq 2000	2009-11-16T08:16	39.8386	17.4155	5	(SRF) surface water layer (ENVO:00002042)
TARA_022_SRF_0.8-5	ERR562364	TARA_A100000534	lima-mendez2015	amplicon	Illumina Genome Analyzer IIx	2009-11-16T08:16	39.8386	17.4155	5	(SRF) surface water layer (ENVO:00002042)
TARA_022_SRF_180-2000	ERR562484	TARA_A100000532	lima-mendez2015	amplicon	Illumina Genome Analyzer IIx	2009-11-16T19:53	39.8312	17.3952	5	(SRF) surface water layer (ENVO:00002042)
TARA_022_SRF_20-180	ERR562675	TARA_A100000538	lima-mendez2015	amplicon	Illumina Genome Analyzer IIx	2009-11-16T13:40	39.814	17.4138	5	(SRF) surface water layer (ENVO:00002042)
TARA_023_DCM_<-0.22	ERR594408	TARA_X000001382	sunagawa2015	metagenome	Illumina HiSeq 2000	2009-11-18T13:50	42.1735	17.7252	55	(DCM) deep chlorophyll maximum layer (ENVO:01000326)
TARA_023_DCM_0.22-1.6	ERR315859|ERR315860	TARA_E500000081	sunagawa2015|lima-mendez2015	metagenome	Illumina HiSeq 2000	2009-11-18T13:50	42.1735	17.7252	55	(DCM) deep chlorophyll maximum layer (ENVO:01000326)
TARA_023_DCM_0.8-5	ERR538175|ERR318603|ERR318605|ERR550514|ERR562436	TARA_A100000559	lima-mendez2015	metagenome|metagenome|metagenome|metatranscriptome|amplicon	Illumina HiSeq 2000|Illumina HiSeq 2000|Illumina HiSeq 2000|Illumina HiSeq 2000|Illumina Genome Analyzer IIx	2009-11-18T13:50	42.1735	17.7252	55	(DCM) deep chlorophyll maximum layer (ENVO:01000326)
TARA_023_DCM_180-2000	ERR538174|ERR318598|ERR318615|ERR550519|ERR562633	TARA_A100000554	lima-mendez2015	metagenome|metagenome|metagenome|metatranscriptome|amplicon	Illumina HiSeq 2000|Illumina HiSeq 2000|Illumina HiSeq 2000|Illumina HiSeq 2000|Illumina Genome Analyzer IIx	2009-11-18T16:32	42.1646	17.736	50	(DCM) deep chlorophyll maximum layer (ENVO:01000326)
TARA_023_SRF_0.22-1.6	ERR315858|ERR315861	TARA_E500000075	sunagawa2015|lima-mendez2015	metagenome	Illumina HiSeq 2000	2009-11-18T08:41	42.2038	17.715	5	(SRF) surface water layer (ENVO:00002042)
TARA_023_SRF_0.8-5	ERR538173|ERR318582|ERR550521|ERR562431	TARA_A100000551	lima-mendez2015	metagenome|metagenome|metatranscriptome|amplicon	Illumina HiSeq 2000|Illumina HiSeq 2000|Illumina HiSeq 2000|Illumina Genome Analyzer IIx	2009-11-18T08:41	42.2038	17.715	5	(SRF) surface water layer (ENVO:00002042)
TARA_023_SRF_180-2000	ERR538185|ERR318600|ERR550399|ERR550534|ERR562571	TARA_A100000546	lima-mendez2015	metagenome|metagenome|metatranscriptome|metatranscriptome|amplicon	Illumina HiSeq 2000|Illumina HiSeq 2000|Illumina HiSeq 2000|Illumina HiSeq 2000|Illumina Genome Analyzer IIx	2009-11-18T10:17	42.1916	17.7175	5	(SRF) surface water layer (ENVO:00002042)
TARA_023_SRF_20-180	ERR538171|ERR318583|ERR318594|ERR550532|ERR562472	TARA_A100000548	lima-mendez2015	metagenome|metagenome|metagenome|metatranscriptome|amplicon	Illumina HiSeq 2000|Illumina HiSeq 2000|Illumina HiSeq 2000|Illumina HiSeq 2000|Illumina Genome Analyzer IIx	2009-11-18T12:56	42.1735	17.7175	5	(SRF) surface water layer (ENVO:00002042)
TARA_024_SRF_180-2000	ERR562362	TARA_A100000357	lima-mendez2015	amplicon	Illumina Genome Analyzer IIx	2009-11-21T13:19	42.4593	17.9594	5	(SRF) surface water layer (ENVO:00002042)
TARA_024_SRF_20-180	ERR562492	TARA_A100000360	lima-mendez2015	amplicon	Illumina Genome Analyzer IIx	2009-11-21T11:35	42.456	17.9393	5	(SRF) surface water layer (ENVO:00002042)
TARA_025_DCM_<-0.22	ERR594375	TARA_E500000305	sunagawa2015	metagenome	Illumina HiSeq 2000	2009-11-23T13:52	39.3991	19.3997	50	(DCM) deep chlorophyll maximum layer (ENVO:01000326)
TARA_025_DCM_0.22-1.6	ERR599094|ERR599153	TARA_E500000331	sunagawa2015|lima-mendez2015	metagenome	Illumina HiSeq 2000	2009-11-23T13:52	39.3991	19.3997	50	(DCM) deep chlorophyll maximum layer (ENVO:01000326)
TARA_025_DCM_0.8-5	ERR562373	TARA_A100000396	lima-mendez2015	amplicon	Illumina Genome Analyzer IIx	2009-11-23T13:52	39.3991	19.3997	50	(DCM) deep chlorophyll maximum layer (ENVO:01000326)
TARA_025_DCM_180-2000	ERR562708	TARA_E500000200	lima-mendez2015	amplicon	Illumina Genome Analyzer IIx	2009-11-23T16:20	39.3833	19.4183	50	(DCM) deep chlorophyll maximum layer (ENVO:01000326)
TARA_025_DCM_20-180	ERR562639	TARA_E500000196	lima-mendez2015	amplicon	Illumina Genome Analyzer IIx	2009-11-23T13:08	39.4046	19.3886	50	(DCM) deep chlorophyll maximum layer (ENVO:01000326)
TARA_025_SRF_<-0.22	ERR594396	TARA_E500000318	sunagawa2015	metagenome	Illumina HiSeq 2000	2009-11-23T09:12	39.3888	19.3905	5	(SRF) surface water layer (ENVO:00002042)
TARA_025_SRF_0.22-1.6	ERR598951|ERR599043	TARA_E500000178	sunagawa2015|lima-mendez2015	metagenome	Illumina HiSeq 2000	2009-11-23T09:12	39.3888	19.3905	5	(SRF) surface water layer (ENVO:00002042)
TARA_025_SRF_0.8-5	ERR562619	TARA_A100000393	lima-mendez2015	amplicon	Illumina Genome Analyzer IIx	2009-11-23T09:12	39.3888	19.3905	5	(SRF) surface water layer (ENVO:00002042)
TARA_025_SRF_180-2000	ERR562577	TARA_A100000402	lima-mendez2015	amplicon	Illumina Genome Analyzer IIx	2009-11-23T11:02	39.2143	19.406	5	(SRF) surface water layer (ENVO:00002042)
TARA_025_SRF_20-180	ERR562608	TARA_A100000400	lima-mendez2015	amplicon	Illumina Genome Analyzer IIx	2009-11-23T09:14	39.3885	19.3906	5	(SRF) surface water layer (ENVO:00002042)
TARA_026_SRF_180-2000	ERR562366	TARA_S400007204	lima-mendez2015	amplicon	Illumina Genome Analyzer IIx	2009-11-24T09:45	38.4367	20.1875	5	(SRF) surface water layer (ENVO:00002042)
TARA_026_SRF_20-180	ERR562562	TARA_S400007202	lima-mendez2015	amplicon	Illumina Genome Analyzer IIx	2009-11-24T07:44	38.4735	20.1718	5	(SRF) surface water layer (ENVO:00002042)
TARA_030_DCM_<-0.22	ERR594405	TARA_X000001388	sunagawa2015	metagenome	Illumina HiSeq 2000	2009-12-15T15:23:37	33.9235	32.8118	70	(DCM) deep chlorophyll maximum layer (ENVO:01000326)
TARA_030_DCM_0.22-1.6	ERR318618|ERR318619|ERR318620|ERR318621	TARA_A100001011	sunagawa2015|lima-mendez2015	metagenome	Illumina Genome Analyzer IIx	2009-12-15T15:23:37	33.9235	32.8118	70	(DCM) deep chlorophyll maximum layer (ENVO:01000326)
TARA_030_DCM_0.8-5	ERR538179|ERR318586|ERR318590|ERR318597|ERR318599|ERR562618	TARA_A100001333	lima-mendez2015	metagenome|metagenome|metagenome|metagenome|metagenome|amplicon	Illumina|Illumina|Illumina|Illumina|Illumina|Illumina Genome Analyzer IIx	2009-12-15T15:23:37	33.9235	32.8118	70	(DCM) deep chlorophyll maximum layer (ENVO:01000326)
TARA_030_SRF_0.22-1.6	ERR315862|ERR315863	TARA_A100001015	sunagawa2015|lima-mendez2015	metagenome	illumina	2009-12-15T10:41	33.9179	32.898	5	(SRF) surface water layer (ENVO:00002042)
TARA_030_SRF_0.8-5	ERR538186|ERR318604|ERR318607|ERR562471|ERR562585	TARA_A100001640	lima-mendez2015	metagenome|metagenome|metagenome|amplicon|amplicon	illumina	2009-12-15T10:41	33.9179	32.898	5	(SRF) surface water layer (ENVO:00002042)
TARA_030_SRF_180-2000	ERR318587|ERR318596|ERR318608|ERR318609|ERR318610|ERR318614|ERR550401|ERR550517|ERR562529	TARA_A100001648	lima-mendez2015	metagenome|metagenome|metagenome|metagenome|metagenome|metagenome|metatranscriptome|metatranscriptome|amplicon	illumina	2009-12-15T12:44	33.9184	32.86	5	(SRF) surface water layer (ENVO:00002042)
TARA_030_SRF_20-180	ERR538189|ERR318585|ERR318616|ERR550525|ERR562515	TARA_A100001646	lima-mendez2015	metagenome|metagenome|metagenome|metatranscriptome|amplicon	illumina	2009-12-15T11:13	33.9178	32.8849	5	(SRF) surface water layer (ENVO:00002042)
TARA_031_SRF_<-0.22	ERR594401|ERR594410	TARA_A100001391	sunagawa2015	metagenome	illumina	2010-01-09T07:15	27.16	34.835	5	(SRF) surface water layer (ENVO:00002042)
TARA_031_SRF_0.22-1.6	ERR164417	TARA_A100001388	sunagawa2015|lima-mendez2015	metagenome	illumina	2010-01-09T07:15	27.16	34.835	5	(SRF) surface water layer (ENVO:00002042)
TARA_031_SRF_180-2000	ERR562649	TARA_A100001431	lima-mendez2015	amplicon	illumina	2010-01-09T09:25	27.1483	34.8117	5	(SRF) surface water layer (ENVO:00002042)
TARA_031_SRF_20-180	ERR562681	TARA_A100001432	lima-mendez2015	amplicon	illumina	2010-01-09T07:37	27.155	34.83	5	(SRF) surface water layer (ENVO:00002042)
TARA_032_DCM_<-0.22	ERR594360	TARA_A100001518	sunagawa2015	metagenome	illumina	2010-01-11T14:17	23.4183	37.245	80	(DCM) deep chlorophyll maximum layer (ENVO:01000326)
TARA_032_DCM_0.22-1.6	ERR599061|ERR599097	TARA_A100001037	sunagawa2015|lima-mendez2015	metagenome	illumina	2010-01-11T14:17	23.4183	37.245	80	(DCM) deep chlorophyll maximum layer (ENVO:01000326)
TARA_032_DCM_0.8-5	ERR562678	TARA_A100001145	lima-mendez2015	amplicon	illumina	2010-01-11T14:17	23.4183	37.245	80	(DCM) deep chlorophyll maximum layer (ENVO:01000326)
TARA_032_DCM_180-2000	ERR562424	TARA_A100001148	lima-mendez2015	amplicon	illumina	2010-01-11T14:15	23.4183	37.245	80	(DCM) deep chlorophyll maximum layer (ENVO:01000326)
TARA_032_DCM_20-180	ERR562691	TARA_A100001147	lima-mendez2015	amplicon	illumina	2010-01-11T12:28	23.41	37.2383	80	(DCM) deep chlorophyll maximum layer (ENVO:01000326)
TARA_032_SRF_<-0.22	ERR594393	TARA_A100001515	sunagawa2015	metagenome	illumina	2010-01-11T07:21	23.36	37.2183	5	(SRF) surface water layer (ENVO:00002042)
TARA_032_SRF_0.22-1.6	ERR599041|ERR599116|ERR599155	TARA_A100001035	sunagawa2015|lima-mendez2015	metagenome	illumina	2010-01-11T07:21	23.36	37.2183	5	(SRF) surface water layer (ENVO:00002042)
TARA_032_SRF_0.8-5	ERR562451|ERR562516	TARA_A100001141	lima-mendez2015	amplicon	illumina	2010-01-11T07:21	23.36	37.2183	5	(SRF) surface water layer (ENVO:00002042)
TARA_032_SRF_180-2000	ERR562368	TARA_A100001144	lima-mendez2015	amplicon	illumina	2010-01-11T08:37	23.3733	37.2167	5	(SRF) surface water layer (ENVO:00002042)
TARA_032_SRF_20-180	ERR562652	TARA_A100001143	lima-mendez2015	amplicon	illumina	2010-01-11T07:21	23.36	37.2183	5	(SRF) surface water layer (ENVO:00002042)
TARA_033_SRF_0.22-1.6	ERR599049|ERR599134	TARA_A100001234	sunagawa2015|lima-mendez2015	metagenome	illumina	2010-01-13T07:16	21.9467	38.2517	5	(SRF) surface water layer (ENVO:00002042)
TARA_033_SRF_180-2000	ERR562628	TARA_A100001246	lima-mendez2015	amplicon	illumina	2010-01-13T10:10	22.085	38.2083	5	(SRF) surface water layer (ENVO:00002042)
TARA_033_SRF_20-180	ERR562615	TARA_A100001245	lima-mendez2015	amplicon	illumina	2010-01-13T07:20	21.9467	38.2517	5	(SRF) surface water layer (ENVO:00002042)
TARA_034_DCM_<-0.22	ERR594390	TARA_R100000008	sunagawa2015	metagenome	illumina	2010-01-20T11:50	18.4417	39.8567	60	(DCM) deep chlorophyll maximum layer (ENVO:01000326)
TARA_034_DCM_0.22-1.6	ERR598975|ERR599111	TARA_B100000029	sunagawa2015|lima-mendez2015	metagenome	illumina	2010-01-20T11:50	18.4417	39.8567	60	(DCM) deep chlorophyll maximum layer (ENVO:01000326)
TARA_034_DCM_0.8-5	ERR562555	TARA_N000000323	lima-mendez2015	amplicon	illumina	2010-01-20T11:50	18.4417	39.8567	60	(DCM) deep chlorophyll maximum layer (ENVO:01000326)
TARA_034_DCM_180-2000	ERR562596|ERR562711	TARA_N000000320	lima-mendez2015	amplicon	illumina	2010-01-20T14:15	18.4917	39.8583	60	(DCM) deep chlorophyll maximum layer (ENVO:01000326)
TARA_034_DCM_20-180	ERR562462	TARA_N000000321	lima-mendez2015	amplicon	illumina	2010-01-20T10:40	18.4183	39.865	60	(DCM) deep chlorophyll maximum layer (ENVO:01000326)
TARA_034_SRF_<-0.22	ERR594368|ERR594370	TARA_R100000005	sunagawa2015	metagenome	illumina	2010-01-20T04:27	18.3967	39.875	5	(SRF) surface water layer (ENVO:00002042)
TARA_034_SRF_0.1-0.22	ERR594328	TARA_Y100000004	sunagawa2015	metagenome	illumina	2010-01-20T04:27	18.3967	39.875	5	(SRF) surface water layer (ENVO:00002042)
TARA_034_SRF_0.22-1.6	ERR598959|ERR598991	TARA_B100000003	sunagawa2015|lima-mendez2015	metagenome	illumina	2010-01-20T04:27	18.3967	39.875	5	(SRF) surface water layer (ENVO:00002042)
TARA_034_SRF_0.8-5	NaN	TARA_N000000335	lima-mendez2015			2010-01-20T04:27	18.3967	39.875	5	(SRF) surface water layer (ENVO:00002042)
TARA_034_SRF_180-2000	ERR562642	TARA_N000000324	lima-mendez2015	amplicon	illumina	2010-01-20T08:01	18.4	39.86	5	(SRF) surface water layer (ENVO:00002042)
TARA_034_SRF_20-180	ERR562482	TARA_N000000325	lima-mendez2015	amplicon	illumina	2010-01-20T04:45	18.3967	39.8767	5	(SRF) surface water layer (ENVO:00002042)
TARA_036_DCM_<-0.22	ERR594402	TARA_R100000030	sunagawa2015	metagenome	illumina	2010-03-12T12:23	20.8222	63.5133	17	(DCM) deep chlorophyll maximum layer (ENVO:01000326)
TARA_036_DCM_0.22-1.6	ERR598974|ERR599028	TARA_B100000035	sunagawa2015|lima-mendez2015	metagenome	illumina	2010-03-12T12:23	20.8222	63.5133	17	(DCM) deep chlorophyll maximum layer (ENVO:01000326)
TARA_036_DCM_0.8-5	ERR562729	TARA_N000000317	lima-mendez2015	amplicon	illumina	2010-03-12T12:23	20.8222	63.5133	17	(DCM) deep chlorophyll maximum layer (ENVO:01000326)
TARA_036_DCM_180-2000	ERR562493	TARA_N000000314	lima-mendez2015	amplicon	illumina	2010-03-12T11:20	20.807	63.513	20	(DCM) deep chlorophyll maximum layer (ENVO:01000326)
TARA_036_DCM_20-180	ERR562442|ERR562486	TARA_N000000312	lima-mendez2015	amplicon	illumina	2010-03-12T11:05	20.8116	63.5128	20	(DCM) deep chlorophyll maximum layer (ENVO:01000326)
TARA_036_SRF_<-0.22	ERR594369	TARA_R100000027	sunagawa2015	metagenome	illumina	2010-03-12T06:06	20.8183	63.5047	5	(SRF) surface water layer (ENVO:00002042)
TARA_036_SRF_0.1-0.22	ERR594334	TARA_Y100000015	sunagawa2015	metagenome	illumina	2010-03-12T06:06	20.8183	63.5047	5	(SRF) surface water layer (ENVO:00002042)
TARA_036_SRF_0.22-1.6	ERR164414| ERR164419	TARA_Y100000022	sunagawa2015|lima-mendez2015	metagenome	illumina	2010-03-12T06:06	20.8183	63.5047	5	(SRF) surface water layer (ENVO:00002042)
TARA_036_SRF_0.8-5	ERR562665	TARA_N000000316	lima-mendez2015	amplicon	illumina	2010-03-12T06:06	20.8183	63.5047	5	(SRF) surface water layer (ENVO:00002042)
TARA_036_SRF_180-2000	ERR562453	TARA_N000000313	lima-mendez2015	amplicon	illumina	2010-03-12T10:24	20.8215	63.512	5	(SRF) surface water layer (ENVO:00002042)
TARA_036_SRF_20-180	ERR562613	TARA_N000000311	lima-mendez2015	amplicon	illumina	2010-03-12T06:06	20.8183	63.5047	5	(SRF) surface water layer (ENVO:00002042)
TARA_037_MES_0.1-0.22	ERR594290|ERR594345	TARA_Y100000310	sunagawa2015	metagenome	illumina	2010-03-12T17:08:47	20.8457	63.5851	600	(MES) mesopelagic zone (ENVO:00000213) & marine oxygen minimum zone (ENVO:01000065)
TARA_037_MES_0.22-1.6	ERR599031|ERR599062	TARA_B100000315	sunagawa2015	metagenome	illumina	2010-03-12T17:08:47	20.8457	63.5851	600	(MES) mesopelagic zone (ENVO:00000213) & marine oxygen minimum zone (ENVO:01000065)
TARA_038_DCM_<-0.22	ERR594386|ERR594399	TARA_R100000084	sunagawa2015	metagenome	illumina	2010-03-15T11:18	19.0284	64.5126	25	(DCM) deep chlorophyll maximum layer (ENVO:01000326)
TARA_038_DCM_0.22-1.6	ERR598949|ERR599082	TARA_B100000073	sunagawa2015|lima-mendez2015	metagenome	illumina	2010-03-15T11:18	19.0284	64.5126	25	(DCM) deep chlorophyll maximum layer (ENVO:01000326)
TARA_038_DCM_0.8-5	ERR562640	TARA_N000000030	lima-mendez2015	amplicon	illumina	2010-03-15T11:18	19.0284	64.5126	25	(DCM) deep chlorophyll maximum layer (ENVO:01000326)
TARA_038_DCM_180-2000	ERR562489	TARA_N000000042	lima-mendez2015	amplicon	illumina	2010-03-15T10:20	19.0199	64.5315	25	(DCM) deep chlorophyll maximum layer (ENVO:01000326)
TARA_038_DCM_20-180	ERR562463	TARA_N000000041	lima-mendez2015	amplicon	illumina	2010-03-15T10:02	19.0235	64.5256	25	(DCM) deep chlorophyll maximum layer (ENVO:01000326)
TARA_038_MES_0.1-0.22	ERR594312	TARA_Y100000296	sunagawa2015	metagenome	illumina	2010-03-16T06:13:30	19.0351	64.5638	340	(MES) mesopelagic zone (ENVO:00000213) & marine oxygen minimum zone (ENVO:01000065)
TARA_038_MES_0.22-1.6	ERR599109|ERR599167	TARA_Y100000294	sunagawa2015	metagenome	illumina	2010-03-16T06:13:30	19.0351	64.5638	340	(MES) mesopelagic zone (ENVO:00000213) & marine oxygen minimum zone (ENVO:01000065)
TARA_038_SRF_<-0.22	ERR594374|ERR594400	TARA_R100000081	sunagawa2015	metagenome	illumina	2010-03-15T03:35	19.0393	64.4913	5	(SRF) surface water layer (ENVO:00002042)
TARA_038_SRF_0.1-0.22	ERR594330	TARA_Y100000289	sunagawa2015	metagenome	illumina	2010-03-15T03:35	19.0393	64.4913	5	(SRF) surface water layer (ENVO:00002042)
TARA_038_SRF_0.22-1.6	ERR164418	TARA_Y100000287	sunagawa2015|lima-mendez2015	metagenome	454 GS FLX Titanium	2010-03-15T03:35	19.0393	64.4913	5	(SRF) surface water layer (ENVO:00002042)
TARA_038_SRF_0.8-5	ERR562391	TARA_N000000029	lima-mendez2015	amplicon	illumina	2010-03-15T03:35	19.0393	64.4913	5	(SRF) surface water layer (ENVO:00002042)
TARA_038_SRF_20-180	ERR562591	TARA_N000000038	lima-mendez2015	amplicon	illumina	2010-03-15T03:37	19.0393	64.4913	5	(SRF) surface water layer (ENVO:00002042)
TARA_039_DCM_<-0.22	ERR594363|ERR594397	TARA_R100000482	sunagawa2015	metagenome	illumina	2010-03-18T11:33	18.5839	66.4727	25	(DCM) deep chlorophyll maximum layer (ENVO:01000326)
TARA_039_DCM_0.22-1.6	ERR599145	TARA_B100000085	sunagawa2015|lima-mendez2015	metagenome	illumina	2010-03-18T11:33	18.5839	66.4727	25	(DCM) deep chlorophyll maximum layer (ENVO:01000326)
TARA_039_DCM_180-2000	ERR562449|ERR562523|ERR562693|ERR562695|ERR562701	TARA_N000000014	lima-mendez2015	amplicon	illumina	2010-03-18T10:41	18.5584	66.4725	25	(DCM) deep chlorophyll maximum layer (ENVO:01000326)
TARA_039_DCM_20-180	ERR562450|ERR562465|ERR562485|ERR562645|ERR562655	TARA_N000000012	lima-mendez2015	amplicon	illumina	2010-03-18T09:40	18.5745	66.4895	25	(DCM) deep chlorophyll maximum layer (ENVO:01000326)
TARA_039_MES_0.1-0.22	ERR594346	TARA_Y100000034	sunagawa2015	metagenome	illumina	2010-03-20T08:15:28	18.7341	66.3896	270	(MES) mesopelagic zone (ENVO:00000213) & marine oxygen minimum zone (ENVO:01000065)
TARA_039_MES_0.22-1.6	ERR599037|ERR599172	TARA_Y100000031	sunagawa2015	metagenome	illumina	2010-03-20T08:15:28	18.7341	66.3896	270	(MES) mesopelagic zone (ENVO:00000213) & marine oxygen minimum zone (ENVO:01000065)
TARA_039_SRF_<-0.22	ERR594356|ERR594365	TARA_R100000479	sunagawa2015	metagenome	illumina	2010-03-18T04:27	18.5918	66.622	5	(SRF) surface water layer (ENVO:00002042)
TARA_039_SRF_0.1-0.22	ERR594327	TARA_Y100000033	sunagawa2015	metagenome	illumina	2010-03-18T04:27	18.5918	66.622	5	(SRF) surface water layer (ENVO:00002042)
TARA_039_SRF_20-180	ERR562377|ERR562497|ERR562526|ERR562609|ERR562668	TARA_N000000011	lima-mendez2015	amplicon	illumina	2010-03-18T05:05	18.5667	66.522	5	(SRF) surface water layer (ENVO:00002042)
TARA_041_DCM_<-0.22	ERR594366|ERR594367|ERR594371|ERR594372|ERR594373	TARA_R100000458	sunagawa2015	metagenome	illumina	2010-03-30T10:56	14.5536	70.0128	60	(DCM) deep chlorophyll maximum layer (ENVO:01000326)
TARA_041_DCM_0.22-1.6	ERR598977|ERR599053	TARA_B100000287	sunagawa2015|lima-mendez2015	metagenome	illumina	2010-03-30T10:56	14.5536	70.0128	60	(DCM) deep chlorophyll maximum layer (ENVO:01000326)
TARA_041_DCM_0.8-5	ERR562706	TARA_N000000072	lima-mendez2015	amplicon	illumina	2010-03-30T10:56	14.5536	70.0128	60	(DCM) deep chlorophyll maximum layer (ENVO:01000326)
TARA_041_DCM_180-2000	ERR562688	TARA_N000000078	lima-mendez2015	amplicon	illumina	2010-03-30T09:36	14.5566	70.0107	70	(DCM) deep chlorophyll maximum layer (ENVO:01000326)
TARA_041_DCM_20-180	ERR562374	TARA_N000000075	lima-mendez2015	amplicon	illumina	2010-03-30T09:17	14.5644	70.0096	70	(DCM) deep chlorophyll maximum layer (ENVO:01000326)
TARA_041_SRF_<-0.22	ERR594384	TARA_R100000455	sunagawa2015	metagenome	illumina	2010-03-30T02:47	14.6059	69.9776	5	(SRF) surface water layer (ENVO:00002042)
TARA_041_SRF_0.1-0.22	ERR594295	TARA_Y100000052	sunagawa2015	metagenome	illumina	2010-03-30T02:47	14.6059	69.9776	5	(SRF) surface water layer (ENVO:00002042)
TARA_041_SRF_0.22-1.6	ERR599011|ERR599074	TARA_B100000282	sunagawa2015|lima-mendez2015	metagenome	illumina	2010-03-30T02:47	14.6059	69.9776	5	(SRF) surface water layer (ENVO:00002042)
TARA_041_SRF_0.8-5	ERR562646	TARA_N000000071	lima-mendez2015	amplicon	illumina	2010-03-30T02:47	14.6059	69.9776	5	(SRF) surface water layer (ENVO:00002042)
TARA_041_SRF_180-2000	ERR562522	TARA_N000000077	lima-mendez2015	amplicon	illumina	2010-03-30T05:32	14.5741	69.9988	5	(SRF) surface water layer (ENVO:00002042)
TARA_041_SRF_20-180	ERR562626	TARA_N000000076	lima-mendez2015	amplicon	illumina	2010-03-30T02:45	14.6067	69.9775	5	(SRF) surface water layer (ENVO:00002042)
TARA_042_DCM_<-0.22	ERR594413	TARA_R100000152	sunagawa2015	metagenome	illumina	2010-04-04T09:50	5.9998	73.9067	80	(DCM) deep chlorophyll maximum layer (ENVO:01000326)
TARA_042_DCM_0.22-1.6	ERR599013|ERR599130	TARA_B100000131	sunagawa2015|lima-mendez2015	metagenome	illumina	2010-04-04T09:50	5.9998	73.9067	80	(DCM) deep chlorophyll maximum layer (ENVO:01000326)
TARA_042_DCM_0.8-5	ERR562406	TARA_N000000086	lima-mendez2015	amplicon	illumina	2010-04-04T09:50	5.9998	73.9067	80	(DCM) deep chlorophyll maximum layer (ENVO:01000326)
TARA_042_DCM_180-2000	ERR562395	TARA_N000000095	lima-mendez2015	amplicon	illumina	2010-04-04T08:48	5.9996	73.8994	80	(DCM) deep chlorophyll maximum layer (ENVO:01000326)
TARA_042_DCM_20-180	ERR562481	TARA_N000000091	lima-mendez2015	amplicon	illumina	2010-04-04T08:28	5.9994	73.8978	80	(DCM) deep chlorophyll maximum layer (ENVO:01000326)
TARA_042_SRF_<-0.22	ERR594398|ERR594403	TARA_R100000149	sunagawa2015	metagenome	illumina	2010-04-04T02:47	6.0001	73.8955	5	(SRF) surface water layer (ENVO:00002042)
TARA_042_SRF_0.22-1.6	ERR599075|ERR599141	TARA_B100000123	sunagawa2015|lima-mendez2015	metagenome	illumina	2010-04-04T02:47	6.0001	73.8955	5	(SRF) surface water layer (ENVO:00002042)
TARA_042_SRF_0.8-5	ERR562549	TARA_N000000085	lima-mendez2015	amplicon	illumina	2010-04-04T02:47	6.0001	73.8955	5	(SRF) surface water layer (ENVO:00002042)
TARA_042_SRF_180-2000	ERR562400	TARA_N000000093	lima-mendez2015	amplicon	illumina	2010-04-04T05:27	6.0098	74.0607	5	(SRF) surface water layer (ENVO:00002042)
TARA_042_SRF_20-180	ERR562423	TARA_N000000089	lima-mendez2015	amplicon	illumina	2010-04-04T03:04	6.0019	73.8949	5	(SRF) surface water layer (ENVO:00002042)
TARA_045_SRF_0.22-1.6	ERR599045|ERR599054	TARA_B100000161	sunagawa2015|lima-mendez2015	metagenome	illumina	2010-04-13T03:21	0.0033	71.6428	5	(SRF) surface water layer (ENVO:00002042)
TARA_045_SRF_0.8-5	ERR562659	TARA_N000000255	lima-mendez2015	amplicon	illumina	2010-04-13T03:21	0.0033	71.6428	5	(SRF) surface water layer (ENVO:00002042)
TARA_045_SRF_180-2000	ERR562686	TARA_N000000261	lima-mendez2015	amplicon	illumina	2010-04-13T11:15	0.2153	71.8436	5	(SRF) surface water layer (ENVO:00002042)
TARA_045_SRF_20-180	ERR562412	TARA_N000000259	lima-mendez2015	amplicon	illumina	2010-04-13T02:46	0.0023	71.6311	5	(SRF) surface water layer (ENVO:00002042)
TARA_046_SRF_<-0.22	ERR594376	TARA_R100000406	sunagawa2015	metagenome	illumina	2010-04-15T02:01	-0.6625	73.161	5	(SRF) surface water layer (ENVO:00002042)
TARA_048_SRF_0.1-0.22	ERR594314	TARA_Y100000114	sunagawa2015	metagenome	illumina	2010-04-19T07:56	-9.3921	66.4228	5	(SRF) surface water layer (ENVO:00002042)
TARA_048_SRF_0.22-1.6	ERR599019|ERR599138	TARA_B100000242	sunagawa2015|lima-mendez2015	metagenome	illumina	2010-04-19T07:56	-9.3921	66.4228	5	(SRF) surface water layer (ENVO:00002042)
TARA_052_DCM_<-0.22	ERR594394	TARA_R100000234	sunagawa2015	metagenome	illumina	2010-05-17T11:42	-16.9534	53.9601	75	(DCM) deep chlorophyll maximum layer (ENVO:01000326)
TARA_052_DCM_0.22-1.6	ERR599002|ERR599016	TARA_B100000214	sunagawa2015|lima-mendez2015	metagenome	illumina	2010-05-17T11:42	-16.9534	53.9601	75	(DCM) deep chlorophyll maximum layer (ENVO:01000326)
TARA_052_DCM_0.8-5	ERR599328|ERR562399	TARA_N000000600	lima-mendez2015	metagenome|amplicon	illumina	2010-05-17T11:42	-16.9534	53.9601	75	(DCM) deep chlorophyll maximum layer (ENVO:01000326)
TARA_052_DCM_180-2000	ERR599249|ERR562511	TARA_N000000585	lima-mendez2015	amplicon|metagenom	illumina	2010-05-17T10:05	-16.9538	54.0043	75	(DCM) deep chlorophyll maximum layer (ENVO:01000326)
TARA_052_DCM_20-180	ERR599296|ERR562487	TARA_N000000593	lima-mendez2015	metagenome|amplicon	illumina	2010-05-17T10:50	-16.953	53.9825	70	(DCM) deep chlorophyll maximum layer (ENVO:01000326)
TARA_052_SRF_0.22-1.6	ERR599098|ERR599139	TARA_B100000212	sunagawa2015|lima-mendez2015	metagenome	illumina	2010-05-17T04:10	-16.957	53.9801	5	(SRF) surface water layer (ENVO:00002042)
TARA_052_SRF_0.8-5	ERR599280|ERR562434	TARA_N000000598	lima-mendez2015	metagenome|amplicon	illumina	2010-05-17T04:10	-16.957	53.9801	5	(SRF) surface water layer (ENVO:00002042)
TARA_052_SRF_180-2000	ERR599294|ERR562714	TARA_N000000581	lima-mendez2015	metagenome|amplicon	illumina	2010-05-17T04:10	-16.9567	53.9809	5	(SRF) surface water layer (ENVO:00002042)
TARA_052_SRF_20-180	ERR599314|ERR562699	TARA_N000000589	lima-mendez2015	metagenome|amplicon	illumina	2010-05-17T06:48	-16.9672	53.9337	5	(SRF) surface water layer (ENVO:00002042)
TARA_056_MES_0.22-3	ERR599112	TARA_B100000378	sunagawa2015	metagenome	illumina	2010-06-26T07:12:30	-15.3379	43.2948	1000	(MES) mesopelagic zone (ENVO:00000213)
TARA_056_SRF_0.22-3	ERR599057	TARA_B000000609	sunagawa2015|lima-mendez2015	metagenome	illumina	2010-06-26T07:05	-15.3424	43.2965	5	(SRF) surface water layer (ENVO:00002042)
TARA_057_SRF_0.22-3	ERR599058	TARA_B000000565	sunagawa2015|lima-mendez2015	metagenome	illumina	2010-06-27T12:05	-17.0248	42.7401	5	(SRF) surface water layer (ENVO:00002042)
TARA_058_DCM_0.22-3	ERR599026	TARA_B000000557	sunagawa2015|lima-mendez2015	metagenome	illumina	2010-06-29T15:00	-17.2855	42.2866	66	(DCM) deep chlorophyll maximum layer (ENVO:01000326)
TARA_062_SRF_0.22-3	ERR599012	TARA_B000000532	sunagawa2015|lima-mendez2015	metagenome	illumina	2010-07-03T08:09	-22.3368	40.3412	5	(SRF) surface water layer (ENVO:00002042)
TARA_064_DCM_<-0.22	ERR594385	TARA_R100000315	sunagawa2015	metagenome	illumina	2010-07-08T06:21	-29.5333	37.9117	65	(DCM) deep chlorophyll maximum layer (ENVO:01000326)
TARA_064_DCM_0.1-0.22	ERR594324	TARA_Y100000401	sunagawa2015	metagenome	illumina	2010-07-08T06:21	-29.5333	37.9117	65	(DCM) deep chlorophyll maximum layer (ENVO:01000326)
TARA_064_DCM_0.22-3	ERR598972|ERR599023|ERR599025	TARA_B100000405	sunagawa2015|lima-mendez2015	metagenome	illumina	2010-07-08T06:21	-29.5333	37.9117	65	(DCM) deep chlorophyll maximum layer (ENVO:01000326)
TARA_064_DCM_0.8-5	ERR599324|ERR562415	TARA_N000000524	lima-mendez2015	metagenome|amplicon	illumina	2010-07-08T06:21	-29.5333	37.9117	65	(DCM) deep chlorophyll maximum layer (ENVO:01000326)
TARA_064_DCM_180-2000	ERR599244|ERR562458	TARA_N000000925	lima-mendez2015	metagenome|amplicon	illumina	2010-07-07T10:49	-29.5015	37.9946	65	(DCM) deep chlorophyll maximum layer (ENVO:01000326)
TARA_064_DCM_20-180	ERR599299|ERR562541	TARA_N000000535	lima-mendez2015	metagenome|amplicon	illumina	2010-07-07T08:15	-29.4964	37.9974	60	(DCM) deep chlorophyll maximum layer (ENVO:01000326)
TARA_064_MES_0.22-3	ERR599021|ERR599164	TARA_B100000408	sunagawa2015	metagenome	illumina	2010-07-07T12:13:35	-29.5046	37.9599	1000	(MES) mesopelagic zone (ENVO:00000213)
TARA_064_SRF_<-0.22	ERR594392	TARA_R100000322	sunagawa2015	metagenome	illumina	2010-07-07T04:48	-29.5019	37.9889	5	(SRF) surface water layer (ENVO:00002042)
TARA_064_SRF_0.22-3	ERR598970|ERR599088|ERR599150	TARA_B100000401	sunagawa2015|lima-mendez2015	metagenome	illumina	2010-07-07T04:48	-29.5019	37.9889	5	(SRF) surface water layer (ENVO:00002042)
TARA_064_SRF_0.8-5	ERR599266|ERR562551	TARA_N000000522	lima-mendez2015	metagenome|amplicon	illumina	2010-07-07T04:48	-29.5019	37.9889	5	(SRF) surface water layer (ENVO:00002042)
TARA_064_SRF_180-2000	ERR599247|ERR562554	TARA_N000000539	lima-mendez2015	metagenome|amplicon	illumina	2010-07-07T05:17	-29.5018	37.9887	5	(SRF) surface water layer (ENVO:00002042)
TARA_064_SRF_20-180	ERR599321|ERR562407	TARA_N000000526	lima-mendez2015	metagenome|amplicon	illumina	2010-07-07T07:53	-29.4985	37.9926	5	(SRF) surface water layer (ENVO:00002042)
TARA_065_DCM_<-0.22	ERR594382|ERR594414	TARA_R100001198	sunagawa2015	metagenome	illumina	2010-07-12T11:03:22	-35.2421	26.3048	30	(DCM) deep chlorophyll maximum layer (ENVO:01000326)
TARA_065_DCM_0.1-0.22	ERR594291	TARA_Y100000361	sunagawa2015	metagenome	illumina	2010-07-12T11:03:22	-35.2421	26.3048	30	(DCM) deep chlorophyll maximum layer (ENVO:01000326)
TARA_065_DCM_0.22-3	ERR598990|ERR599018|ERR599110	TARA_B000000441	sunagawa2015|lima-mendez2015	metagenome	illumina	2010-07-12T11:03:22	-35.2421	26.3048	30	(DCM) deep chlorophyll maximum layer (ENVO:01000326)
TARA_065_DCM_0.8-5	ERR599323|ERR562488	TARA_N000000961	lima-mendez2015	metagenome|amplicon	illumina	2010-07-12T11:03:22	-35.2421	26.3048	30	(DCM) deep chlorophyll maximum layer (ENVO:01000326)
TARA_065_MES_0.22-3	ERR598960|ERR599034	TARA_B000000460	sunagawa2015	metagenome	illumina	2010-07-12T06:46:23	-35.1889	26.2905	850	(MES) mesopelagic zone (ENVO:00000213)
TARA_065_SRF_<-0.22	ERR594359|ERR594361	TARA_R100001230	sunagawa2015	metagenome	illumina	2010-07-12T05:59	-35.1728	26.2868	5	(SRF) surface water layer (ENVO:00002042)
TARA_065_SRF_0.1-0.22	ERR594320	TARA_Y100000356	sunagawa2015	metagenome	illumina	2010-07-12T05:59	-35.1728	26.2868	5	(SRF) surface water layer (ENVO:00002042)
TARA_065_SRF_0.22-3	ERR598979|ERR599146	TARA_B000000437	sunagawa2015|lima-mendez2015	metagenome	illumina	2010-07-12T05:59	-35.1728	26.2868	5	(SRF) surface water layer (ENVO:00002042)
TARA_065_SRF_0.8-5	ERR599210|ERR562667	TARA_N000000959	lima-mendez2015	metagenome|amplicon	illumina	2010-07-12T05:59	-35.1728	26.2868	5	(SRF) surface water layer (ENVO:00002042)
TARA_065_SRF_180-2000	ERR599312|ERR562388	TARA_N000000981	lima-mendez2015	metagenome|amplicon	illumina	2010-07-12T06:36	-35.1808	26.2879	5	(SRF) surface water layer (ENVO:00002042)
TARA_065_SRF_20-180	ERR599320|ERR562438	TARA_N000000968	lima-mendez2015	metagenome|amplicon	illumina	2010-07-12T10:30	-35.2351	26.3022	5	(SRF) surface water layer (ENVO:00002042)
TARA_066_DCM_<-0.22	ERR594389	TARA_R100000908	sunagawa2015	metagenome	illumina	2010-07-15T15:36:10	-34.8901	18.0459	30	(DCM) deep chlorophyll maximum layer (ENVO:01000326)
TARA_066_DCM_0.22-3	ERR598982|ERR599107	TARA_B000000477	sunagawa2015|lima-mendez2015	metagenome	illumina	2010-07-15T15:36:10	-34.8901	18.0459	30	(DCM) deep chlorophyll maximum layer (ENVO:01000326)
TARA_066_DCM_0.8-5	ERR599233|ERR599235|ERR599242|ERR599251|ERR599252|ERR599271|ERR599272|ERR599273|ERR599274|ERR599285|ERR599289|ERR599300|ERR599308|ERR599315|ERR599316|ERR599318|ERR599327|ERR599334|ERR562369|ERR562660	TARA_N000000807	lima-mendez2015	metagenome*18|amplicon|amplicon	illumina	2010-07-15T15:36:10	-34.8901	18.0459	30	(DCM) deep chlorophyll maximum layer (ENVO:01000326)
TARA_066_SRF_<-0.22	ERR594362	TARA_R100000900	sunagawa2015	metagenome	illumina	2010-07-15T12:22	-34.9449	17.9189	5	(SRF) surface water layer (ENVO:00002042)
TARA_066_SRF_0.22-3	ERR598973|ERR599068|ERR599173	TARA_B000000475	sunagawa2015|lima-mendez2015	metagenome	illumina	2010-07-15T12:22	-34.9449	17.9189	5	(SRF) surface water layer (ENVO:00002042)
TARA_066_SRF_0.8-5	ERR599261|ERR562457	TARA_N000000805	lima-mendez2015	metagenome|amplicon	illumina	2010-07-15T12:22	-34.9449	17.9189	5	(SRF) surface water layer (ENVO:00002042)
TARA_066_SRF_180-2000	ERR599277|ERR562520	TARA_N000000790	lima-mendez2015	metagenome|amplicon	illumina	2010-07-15T12:55	-34.9363	17.9366	5	(SRF) surface water layer (ENVO:00002042)
TARA_066_SRF_20-180	ERR599301|ERR562365	TARA_N000000793	lima-mendez2015	metagenome|amplicon	illumina	2010-07-15T15:16	-34.8986	18.03	5	(SRF) surface water layer (ENVO:00002042)
TARA_067_SRF_<-0.22	ERR594395|ERR594404	TARA_R100000951	sunagawa2015	metagenome	illumina	2010-09-07T06:19	-32.2401	17.7103	5	(SRF) surface water layer (ENVO:00002042)
TARA_067_SRF_0.22-0.45	ERR594313	TARA_Y100000389	sunagawa2015	metagenome	illumina	2010-09-07T06:19	-32.2401	17.7103	5	(SRF) surface water layer (ENVO:00002042)
TARA_067_SRF_0.22-3	ERR598994|ERR599144	TARA_B100000497	sunagawa2015|lima-mendez2015	metagenome	illumina	2010-09-07T06:19	-32.2401	17.7103	5	(SRF) surface water layer (ENVO:00002042)
TARA_067_SRF_0.45-0.8	ERR594325	TARA_Y100000385	sunagawa2015	metagenome	illumina	2010-09-07T06:19	-32.2401	17.7103	5	(SRF) surface water layer (ENVO:00002042)
TARA_067_SRF_0.8->	ERR599238|ERR562641	TARA_N000000759	lima-mendez2015	metagenome|amplicon	illumina	2010-09-07T06:19	-32.2401	17.7103	5	(SRF) surface water layer (ENVO:00002042)
TARA_067_SRF_0.8-5	ERR599302|ERR562378	TARA_N000000756	lima-mendez2015	metagenome|amplicon	illumina	2010-09-07T06:19	-32.2401	17.7103	5	(SRF) surface water layer (ENVO:00002042)
TARA_067_SRF_180-2000	ERR599255|ERR562669	TARA_N000000750	lima-mendez2015	metagenome|amplicon	illumina	2010-09-07T06:59	-32.2188	17.7054	5	(SRF) surface water layer (ENVO:00002042)
TARA_067_SRF_20-180	ERR599269|ERR562476	TARA_N000000746	lima-mendez2015	metagenome|amplicon	illumina	2010-09-07T08:25	-32.1745	17.6991	5	(SRF) surface water layer (ENVO:00002042)
TARA_068_DCM_<-0.22	ERR594415	TARA_R100000995	sunagawa2015	metagenome	illumina	2010-09-14T13:30	-31.027	4.6802	50	(DCM) deep chlorophyll maximum layer (ENVO:01000326)
TARA_068_DCM_0.22-0.45	ERR594294	TARA_Y100000748	sunagawa2015	metagenome	illumina	2010-09-14T13:30	-31.027	4.6802	50	(DCM) deep chlorophyll maximum layer (ENVO:01000326)
TARA_068_DCM_0.22-3	ERR599017|ERR599056|ERR599103	TARA_B100000482	sunagawa2015|lima-mendez2015	metagenome	illumina	2010-09-14T13:30	-31.027	4.6802	50	(DCM) deep chlorophyll maximum layer (ENVO:01000326)
TARA_068_DCM_0.45-0.8	ERR594348	TARA_Y100000746	sunagawa2015	metagenome	illumina	2010-09-14T13:30	-31.027	4.6802	50	(DCM) deep chlorophyll maximum layer (ENVO:01000326)
TARA_068_DCM_180-2000	ERR599259|ERR562531	TARA_N000000711	lima-mendez2015	metagenome|amplicon	illumina	2010-09-14T12:56	-31.0292	4.6742	50	(DCM) deep chlorophyll maximum layer (ENVO:01000326)
TARA_068_MES_0.22-3	ERR598947|ERR599131	TARA_B100000470	sunagawa2015	metagenome	illumina	2010-09-13T13:02:33	-31.0198	4.6685	700	(MES) mesopelagic zone (ENVO:00000213)
TARA_068_MES_0.45-0.8	ERR594302	TARA_Y100000758	sunagawa2015	metagenome	illumina	2010-09-13T13:02:33	-31.0198	4.6685	700	(MES) mesopelagic zone (ENVO:00000213)
TARA_068_SRF_<-0.22	ERR594391	TARA_R100000988	sunagawa2015	metagenome	illumina	2010-09-14T06:55	-31.0266	4.665	5	(SRF) surface water layer (ENVO:00002042)
TARA_068_SRF_0.22-0.45	ERR594318	TARA_Y100000741	sunagawa2015	metagenome	illumina	2010-09-14T06:55	-31.0266	4.665	5	(SRF) surface water layer (ENVO:00002042)
TARA_068_SRF_0.22-3	ERR599129|ERR599171|ERR599174	TARA_B100000475	sunagawa2015|lima-mendez2015	metagenome	illumina	2010-09-14T06:55	-31.0266	4.665	5	(SRF) surface water layer (ENVO:00002042)
TARA_068_SRF_0.45-0.8	ERR594297	TARA_Y100000739	sunagawa2015	metagenome	illumina	2010-09-14T06:55	-31.0266	4.665	5	(SRF) surface water layer (ENVO:00002042)
TARA_068_SRF_0.8->	ERR599297|ERR562607	TARA_N000000718	lima-mendez2015	metagenome|amplicon	illumina	2010-09-14T06:55	-31.0266	4.665	5	(SRF) surface water layer (ENVO:00002042)
TARA_068_SRF_0.8-5	ERR599257|ERR562532	TARA_N000000722	lima-mendez2015	metagenome|amplicon	illumina	2010-09-14T06:55	-31.0266	4.665	5	(SRF) surface water layer (ENVO:00002042)
TARA_068_SRF_180-2000	ERR599243|ERR562454	TARA_N000000709	lima-mendez2015	metagenome|amplicon	illumina	2010-09-13T20:20	-31.0507	4.6603	5	(SRF) surface water layer (ENVO:00002042)
TARA_068_SRF_20-180	ERR599304|ERR562648	TARA_N000000705	lima-mendez2015	metagenome|amplicon	illumina	2010-09-13T21:35	-31.0551	4.668	5	(SRF) surface water layer (ENVO:00002042)
TARA_070_MES_<-0.22	ERR594407	TARA_R100001039	sunagawa2015	metagenome	illumina	2010-09-21T11:57:54	-20.4075	-3.1641	800	(MES) mesopelagic zone (ENVO:00000213)
TARA_070_MES_0.22-0.45	ERR594299|ERR594308	TARA_Y100000782	sunagawa2015	metagenome	illumina	2010-09-21T11:57:54	-20.4075	-3.1641	800	(MES) mesopelagic zone (ENVO:00000213)
TARA_070_MES_0.22-3	ERR599044|ERR599149	TARA_B100000446	sunagawa2015	metagenome	illumina	2010-09-21T11:57:54	-20.4075	-3.1641	800	(MES) mesopelagic zone (ENVO:00000213)
TARA_070_MES_0.45-0.8	ERR594331	TARA_Y100000780	sunagawa2015	metagenome	illumina	2010-09-21T11:57:54	-20.4075	-3.1641	800	(MES) mesopelagic zone (ENVO:00000213)
TARA_070_SRF_<-0.22	ERR594353	TARA_R100001015	sunagawa2015	metagenome	illumina	2010-09-21T06:55	-20.4091	-3.1759	5	(SRF) surface water layer (ENVO:00002042)
TARA_070_SRF_0.22-0.45	ERR594349	TARA_Y100000768	sunagawa2015	metagenome	illumina	2010-09-21T06:55	-20.4091	-3.1759	5	(SRF) surface water layer (ENVO:00002042)
TARA_070_SRF_0.22-3	ERR599135|ERR599165	TARA_B100000459	sunagawa2015|lima-mendez2015	metagenome	illumina	2010-09-21T06:55	-20.4091	-3.1759	5	(SRF) surface water layer (ENVO:00002042)
TARA_070_SRF_0.45-0.8	ERR594335	TARA_Y100000766	sunagawa2015	metagenome	illumina	2010-09-21T06:55	-20.4091	-3.1759	5	(SRF) surface water layer (ENVO:00002042)
TARA_070_SRF_0.8->	ERR599331|ERR562564	TARA_N000000674	lima-mendez2015	metagenome|amplicon	illumina	2010-09-21T06:55	-20.4091	-3.1759	5	(SRF) surface water layer (ENVO:00002042)
TARA_070_SRF_0.8-5	ERR599305|ERR562611	TARA_N000000678	lima-mendez2015	metagenome|amplicon	illumina	2010-09-21T06:55	-20.4091	-3.1759	5	(SRF) surface water layer (ENVO:00002042)
TARA_070_SRF_180-2000	ERR599313|ERR562715	TARA_N000000666	lima-mendez2015	metagenome|amplicon	illumina	2010-09-21T07:22	-20.4035	-3.1859	5	(SRF) surface water layer (ENVO:00002042)
TARA_070_SRF_20-180	ERR599258|ERR562505	TARA_N000000662	lima-mendez2015	metagenome|amplicon	illumina	2010-09-21T08:23	-20.3943	-3.2085	5	(SRF) surface water layer (ENVO:00002042)
TARA_072_DCM_<-0.22	ERR594379	TARA_R100001082	sunagawa2015	metagenome	illumina	2010-10-05T15:35	-8.7296	-17.9604	100	(DCM) deep chlorophyll maximum layer (ENVO:01000326)
TARA_072_DCM_0.22-3	ERR599133|ERR599137	TARA_B100000427	sunagawa2015|lima-mendez2015	metagenome	illumina	2010-10-05T15:35	-8.7296	-17.9604	100	(DCM) deep chlorophyll maximum layer (ENVO:01000326)
TARA_072_DCM_0.8-5	ERR599307|ERR562401	TARA_N000000833	lima-mendez2015	metagenome|amplicon	illumina	2010-10-05T15:35	-8.7296	-17.9604	100	(DCM) deep chlorophyll maximum layer (ENVO:01000326)
TARA_072_DCM_180-2000	ERR599287|ERR562383	TARA_N000000845	lima-mendez2015	metagenome|amplicon	illumina	2010-10-05T14:06	-8.757	-17.9245	100	(DCM) deep chlorophyll maximum layer (ENVO:01000326)
TARA_072_DCM_20-180	ERR599292|ERR562550	TARA_N000000841	lima-mendez2015	metagenome|amplicon	illumina	2010-10-05T17:45	-8.6996	-17.9926	100	(DCM) deep chlorophyll maximum layer (ENVO:01000326)
TARA_072_MES_<-0.22	ERR594388	TARA_R100001086	sunagawa2015	metagenome	illumina	2010-10-06T07:58:54	-8.7986	-17.9034	800	(MES) mesopelagic zone (ENVO:00000213)
TARA_072_MES_0.22-3	ERR599005|ERR599048	TARA_B100000508	sunagawa2015	metagenome	illumina	2010-10-06T07:58:54	-8.7986	-17.9034	800	(MES) mesopelagic zone (ENVO:00000213)
TARA_072_SRF_<-0.22	ERR594364	TARA_R100001079	sunagawa2015	metagenome	illumina	2010-10-05T08:00	-8.7789	-17.9099	5	(SRF) surface water layer (ENVO:00002042)
TARA_072_SRF_0.22-3	ERR598984|ERR599105	TARA_B100000424	sunagawa2015|lima-mendez2015	metagenome	illumina	2010-10-05T08:00	-8.7789	-17.9099	5	(SRF) surface water layer (ENVO:00002042)
TARA_072_SRF_0.8->	ERR599267|ERR562429	TARA_N000000827	lima-mendez2015	metagenome|amplicon	illumina	2010-10-05T08:00	-8.7789	-17.9099	5	(SRF) surface water layer (ENVO:00002042)
TARA_072_SRF_0.8-5	ERR599276|ERR562647	TARA_N000000831	lima-mendez2015	metagenome|amplicon	illumina	2010-10-05T08:00	-8.7789	-17.9099	5	(SRF) surface water layer (ENVO:00002042)
TARA_072_SRF_180-2000	ERR599286|ERR562563	TARA_N000000843	lima-mendez2015	metagenome|amplicon	illumina	2010-10-05T08:20	-8.7726	-17.915	5	(SRF) surface water layer (ENVO:00002042)
TARA_072_SRF_20-180	ERR599256|ERR562527	TARA_N000000839	lima-mendez2015	metagenome|amplicon	illumina	2010-10-05T09:48	-8.7484	-17.9179	5	(SRF) surface water layer (ENVO:00002042)
TARA_076_DCM_<-0.22	ERR594355	TARA_R100001129	sunagawa2015	metagenome	illumina	2010-10-16T16:58:37	-21.0292	-35.3498	150	(DCM) deep chlorophyll maximum layer (ENVO:01000326)
TARA_076_DCM_0.22-0.45	ERR594321	TARA_Y100000817	sunagawa2015	metagenome	illumina	2010-10-16T16:58:37	-21.0292	-35.3498	150	(DCM) deep chlorophyll maximum layer (ENVO:01000326)
TARA_076_DCM_0.22-3	ERR599040|ERR599148	TARA_B100000519	sunagawa2015|lima-mendez2015	metagenome	illumina	2010-10-16T16:58:37	-21.0292	-35.3498	150	(DCM) deep chlorophyll maximum layer (ENVO:01000326)
TARA_076_DCM_0.45-0.8	ERR594298	TARA_Y100000814	sunagawa2015	metagenome	illumina	2010-10-16T16:58:37	-21.0292	-35.3498	150	(DCM) deep chlorophyll maximum layer (ENVO:01000326)
TARA_076_DCM_0.8-5	ERR599330|ERR562547	TARA_N000000860	lima-mendez2015	metagenome|amplicon	illumina	2010-10-16T16:58:37	-21.0292	-35.3498	150	(DCM) deep chlorophyll maximum layer (ENVO:01000326)
TARA_076_DCM_180-2000	ERR599303|ERR562624	TARA_N000000884	lima-mendez2015	metagenome|amplicon	illumina	2010-10-16T15:54	-21.004	-35.3168	150	(DCM) deep chlorophyll maximum layer (ENVO:01000326)
TARA_076_DCM_20-180	ERR599333|ERR562416	TARA_N000000876	lima-mendez2015	metagenome|amplicon	illumina	2010-10-16T18:54	-21.0716	-35.3964	150	(DCM) deep chlorophyll maximum layer (ENVO:01000326)
TARA_076_MES_0.22-3	ERR599000|ERR599154	TARA_B100000749	sunagawa2015	metagenome	illumina	2010-10-17T09:05:05	-20.9315	-35.1794	800	(MES) mesopelagic zone (ENVO:00000213)
TARA_076_MES_0.45-0.8	ERR594333	TARA_Y100000815	sunagawa2015	metagenome	illumina	2010-10-17T09:05:05	-20.9315	-35.1794	800	(MES) mesopelagic zone (ENVO:00000213)
TARA_076_SRF_<-0.22	ERR594354	TARA_R100001126	sunagawa2015	metagenome	illumina	2010-10-16T09:55	-20.9354	-35.1803	5	(SRF) surface water layer (ENVO:00002042)
TARA_076_SRF_0.22-0.45	ERR594310	TARA_Y100000816	sunagawa2015	metagenome	illumina	2010-10-16T09:55	-20.9354	-35.1803	5	(SRF) surface water layer (ENVO:00002042)
TARA_076_SRF_0.22-3	ERR599010|ERR599126	TARA_B100000513	sunagawa2015|lima-mendez2015	metagenome	illumina	2010-10-16T09:55	-20.9354	-35.1803	5	(SRF) surface water layer (ENVO:00002042)
TARA_076_SRF_0.45-0.8	ERR594286	TARA_Y100000813	sunagawa2015	metagenome	illumina	2010-10-16T09:55	-20.9354	-35.1803	5	(SRF) surface water layer (ENVO:00002042)
TARA_076_SRF_0.8->	ERR599253|ERR562512	TARA_N000000852	lima-mendez2015	metagenome|amplicon	illumina	2010-10-16T09:55	-20.9354	-35.1803	5	(SRF) surface water layer (ENVO:00002042)
TARA_076_SRF_0.8-5	ERR599309|ERR562386	TARA_N000000855	lima-mendez2015	metagenome|amplicon	illumina	2010-10-16T09:55	-20.9354	-35.1803	5	(SRF) surface water layer (ENVO:00002042)
TARA_076_SRF_180-2000	ERR599336|ERR562682	TARA_N000000879	lima-mendez2015	metagenome|amplicon	illumina	2010-10-16T10:16	-20.9406	-35.196	5	(SRF) surface water layer (ENVO:00002042)
TARA_076_SRF_20-180	ERR599326|ERR562408	TARA_N000000871	lima-mendez2015	metagenome|amplicon	illumina	2010-10-16T11:18	-20.9514	-35.2273	5	(SRF) surface water layer (ENVO:00002042)
TARA_078_DCM_0.22-0.45	ERR594336	TARA_Y100000996	sunagawa2015	metagenome	illumina	2010-11-04T18:16:53	-30.1484	-43.2705	120	(DCM) deep chlorophyll maximum layer (ENVO:01000326)
TARA_078_DCM_0.22-3	ERR599046|ERR599101	TARA_B100000530	sunagawa2015|lima-mendez2015	metagenome	illumina	2010-11-04T18:16:53	-30.1484	-43.2705	120	(DCM) deep chlorophyll maximum layer (ENVO:01000326)
TARA_078_DCM_0.45-0.8	ERR594303	TARA_Y100000994	sunagawa2015	metagenome	illumina	2010-11-04T18:16:53	-30.1484	-43.2705	120	(DCM) deep chlorophyll maximum layer (ENVO:01000326)
TARA_078_DCM_0.8-5	ERR599322|ERR562603	TARA_N000000622	lima-mendez2015	metagenome|amplicon	illumina	2010-11-04T18:16:53	-30.1484	-43.2705	120	(DCM) deep chlorophyll maximum layer (ENVO:01000326)
TARA_078_DCM_180-2000	ERR599265|ERR562584	TARA_N000001516	lima-mendez2015	metagenome|amplicon	illumina	2010-11-04T18:37	-30.052	-43.2619	120	(DCM) deep chlorophyll maximum layer (ENVO:01000326)
TARA_078_DCM_20-180	ERR599262|ERR562402	TARA_N000001512	lima-mendez2015	metagenome|amplicon	illumina	2010-11-04T20:13	-30.1403	-43.2641	120	(DCM) deep chlorophyll maximum layer (ENVO:01000326)
TARA_078_MES_0.22-3	ERR599124|ERR599159	TARA_B100000745	sunagawa2015	metagenome	illumina	2010-11-05T12:33:27	-30.1471	-43.2915	800	(MES) mesopelagic zone (ENVO:00000213)
TARA_078_MES_0.45-0.8	ERR594289	TARA_Y100001001	sunagawa2015	metagenome	illumina	2010-11-05T12:33:27	-30.1471	-43.2915	800	(MES) mesopelagic zone (ENVO:00000213)
TARA_078_SRF_<-0.22	ERR594411	TARA_R100001224	sunagawa2015	metagenome	illumina	2010-11-04T10:04	-30.1367	-43.2899	5	(SRF) surface water layer (ENVO:00002042)
TARA_078_SRF_0.22-0.45	ERR594340	TARA_Y100000992	sunagawa2015	metagenome	illumina	2010-11-04T10:04	-30.1367	-43.2899	5	(SRF) surface water layer (ENVO:00002042)
TARA_078_SRF_0.22-3	ERR599006|ERR599022	TARA_B100000524	sunagawa2015|lima-mendez2015	metagenome	illumina	2010-11-04T10:04	-30.1367	-43.2899	5	(SRF) surface water layer (ENVO:00002042)
TARA_078_SRF_0.45-0.8	ERR594332	TARA_Y100000991	sunagawa2015	metagenome	illumina	2010-11-04T10:04	-30.1367	-43.2899	5	(SRF) surface water layer (ENVO:00002042)
TARA_078_SRF_0.8->	ERR599237|ERR562716	TARA_N000000616	lima-mendez2015	metagenome|amplicon	illumina	2010-11-04T10:04	-30.1367	-43.2899	5	(SRF) surface water layer (ENVO:00002042)
TARA_078_SRF_0.8-5	ERR599311|ERR562588	TARA_N000000620	lima-mendez2015	metagenome|amplicon	illumina	2010-11-04T10:04	-30.1367	-43.2899	5	(SRF) surface water layer (ENVO:00002042)
TARA_078_SRF_180-2000	ERR599245|ERR562419	TARA_N000001514	lima-mendez2015	metagenome|amplicon	illumina	2010-11-04T11:31	-30.1506	-43.2877	5	(SRF) surface water layer (ENVO:00002042)
TARA_078_SRF_20-180	ERR599263|ERR562397	TARA_N000001510	lima-mendez2015	metagenome|amplicon	illumina	2010-11-04T13:22	-30.1872	-43.2834	5	(SRF) surface water layer (ENVO:00002042)
TARA_082_DCM_<-0.22	ERR594409	TARA_R100000544	sunagawa2015	metagenome	illumina	2010-12-06T18:58	-47.2007	-57.9446	40	(DCM) deep chlorophyll maximum layer (ENVO:01000326)
TARA_082_DCM_0.22-3	ERR599027|ERR599122	TARA_B100000767	sunagawa2015	metagenome	illumina	2010-12-06T18:58	-47.2007	-57.9446	40	(DCM) deep chlorophyll maximum layer (ENVO:01000326)
TARA_082_SRF_0.22-3	ERR599009|ERR599035	TARA_B100000768	sunagawa2015|lima-mendez2015	metagenome	illumina	2010-12-06T10:33	-47.1863	-58.2902	5	(SRF) surface water layer (ENVO:00002042)
TARA_082_SRF_0.8->	ERR599293|ERR562538	TARA_N000001382	lima-mendez2015	metagenome|amplicon	illumina	2010-12-06T10:33	-47.1863	-58.2902	5	(SRF) surface water layer (ENVO:00002042)
TARA_082_SRF_0.8-5	ERR599298|ERR562385	TARA_N000001386	lima-mendez2015	metagenome|amplicon	illumina	2010-12-06T10:33	-47.1863	-58.2902	5	(SRF) surface water layer (ENVO:00002042)
TARA_082_SRF_180-2000	ERR599234|ERR562440	TARA_N000001398	lima-mendez2015	metagenome|amplicon	illumina	2010-12-06T11:34	-47.1899	-58.2724	5	(SRF) surface water layer (ENVO:00002042)
TARA_082_SRF_20-180	ERR599306|ERR562376	TARA_N000001394	lima-mendez2015	metagenome|amplicon	illumina	2010-12-06T12:32	-47.1966	-58.2349	5	(SRF) surface water layer (ENVO:00002042)
TARA_084_SRF_0.22-3	ERR598945|ERR599059	TARA_B100000780	sunagawa2015|lima-mendez2015	metagenome	illumina	2011-01-03T11:05	-60.2287	-60.6476	5	(SRF) surface water layer (ENVO:00002042)
TARA_084_SRF_0.8->	ERR599270|ERR562426	TARA_N000001006	lima-mendez2015	metagenome|amplicon	illumina	2011-01-03T11:05	-60.2287	-60.6476	5	(SRF) surface water layer (ENVO:00002042)
TARA_084_SRF_0.8-5	ERR599254|ERR562657	TARA_N000001438	lima-mendez2015	metagenome|amplicon	illumina	2011-01-03T11:05	-60.2287	-60.6476	5	(SRF) surface water layer (ENVO:00002042)
TARA_084_SRF_180-2000	ERR599291|ERR562490	TARA_N000001362	lima-mendez2015	metagenome|amplicon	illumina	2011-01-03T12:17	-60.2584	-60.6226	5	(SRF) surface water layer (ENVO:00002042)
TARA_084_SRF_20-180	ERR599283|ERR562473	TARA_N000001442	lima-mendez2015	metagenome|amplicon	illumina	2011-01-03T13:58	-60.3046	-60.5715	5	(SRF) surface water layer (ENVO:00002042)
TARA_085_DCM_<-0.22	ERR594377	TARA_R100001377	sunagawa2015	metagenome	illumina	2011-01-06T19:34:21	-62.2231	-49.2139	90	(DCM) deep chlorophyll maximum layer (ENVO:01000326)
TARA_085_DCM_0.22-3	ERR599104|ERR599121	TARA_B100000795	sunagawa2015	metagenome	illumina	2011-01-06T19:34:21	-62.2231	-49.2139	90	(DCM) deep chlorophyll maximum layer (ENVO:01000326)
TARA_085_MES_0.22-3	ERR599008|ERR599125	TARA_B100000809	sunagawa2015	metagenome	illumina	2011-01-07T10:39:47	-61.9689	-49.5017	790	(MES) mesopelagic zone (ENVO:00000213)
TARA_085_SRF_0.22-3	ERR599090|ERR599176	TARA_B100000787	sunagawa2015|lima-mendez2015	metagenome	illumina	2011-01-06T10:38	-62.0385	-49.529	5	(SRF) surface water layer (ENVO:00002042)
TARA_085_SRF_0.8->	ERR599281|ERR562404	TARA_N000001024	lima-mendez2015	metagenome|amplicon	illumina	2011-01-06T10:38	-62.0385	-49.529	5	(SRF) surface water layer (ENVO:00002042)
TARA_085_SRF_0.8-5	ERR599335|ERR562542	TARA_N000001028	lima-mendez2015	metagenome|amplicon	illumina	2011-01-06T10:38	-62.0385	-49.529	5	(SRF) surface water layer (ENVO:00002042)
TARA_085_SRF_180-2000	ERR599214|ERR562387	TARA_N000001040	lima-mendez2015	metagenome|amplicon	illumina	2011-01-06T12:45	-62.0773	-49.4534	5	(SRF) surface water layer (ENVO:00002042)
TARA_093_DCM_0.22-3	ERR598965	TARA_B100001059	sunagawa2015|lima-mendez2015	metagenome	illumina	2011-03-12T19:36:38	-33.9116	-73.0537	35	(DCM) deep chlorophyll maximum layer (ENVO:01000326)
TARA_093_SRF_0.22-3	ERR599064	TARA_B100001063	sunagawa2015|lima-mendez2015	metagenome	illumina	2011-03-12T11:34	-34.0614	-73.1066	5	(SRF) surface water layer (ENVO:00002042)
TARA_094_SRF_0.22-3	ERR599050	TARA_B100001057	sunagawa2015|lima-mendez2015	metagenome	illumina	2011-03-18T11:57	-32.7971	-87.0693	5	(SRF) surface water layer (ENVO:00002042)
TARA_096_SRF_0.22-3	ERR598967	TARA_B100000989	sunagawa2015|lima-mendez2015	metagenome	illumina	2011-03-24T13:00	-29.7238	-101.1604	5	(SRF) surface water layer (ENVO:00002042)
TARA_098_DCM_0.22-3	ERR599042|ERR599079	TARA_B100001029	sunagawa2015|lima-mendez2015	metagenome	illumina	2011-04-03T21:50:58	-25.826	-111.7294	188	(DCM) deep chlorophyll maximum layer (ENVO:01000326)
TARA_098_DCM_180-2000	ERR562384	TARA_N000001594	lima-mendez2015	amplicon	illumina	2011-04-04T17:07	-25.8162	-111.7349	180	(DCM) deep chlorophyll maximum layer (ENVO:01000326)
TARA_098_DCM_20-180	ERR562597	TARA_N000001584	lima-mendez2015	amplicon	illumina	2011-04-04T17:07	-25.8162	-111.7349	180	(DCM) deep chlorophyll maximum layer (ENVO:01000326)
TARA_098_MES_0.22-3	ERR599071|ERR599085	TARA_B100001013	sunagawa2015	metagenome	illumina	2011-04-04T13:55:02	-25.8076	-111.6906	488	(MES) mesopelagic zone (ENVO:00000213)
TARA_098_SRF_0.22-3	ERR599093|ERR599120	TARA_B100001027	sunagawa2015|lima-mendez2015	metagenome	illumina	2011-04-03T13:44	-25.8051	-111.7202	5	(SRF) surface water layer (ENVO:00002042)
TARA_098_SRF_0.8-5	ERR562500	TARA_N000001574	lima-mendez2015	amplicon	illumina	2011-04-03T13:44	-25.8051	-111.7202	5	(SRF) surface water layer (ENVO:00002042)
TARA_098_SRF_180-2000	ERR562379	TARA_N000001586	lima-mendez2015	amplicon	illumina	2011-04-03T14:17	-25.8073	-111.7364	5	(SRF) surface water layer (ENVO:00002042)
TARA_098_SRF_20-180	ERR562435	TARA_N000001582	lima-mendez2015	amplicon	illumina	2011-04-03T16:28	-25.8105	-111.7329	5	(SRF) surface water layer (ENVO:00002042)
TARA_099_SRF_0.22-3	ERR599024	TARA_B100000886	sunagawa2015|lima-mendez2015	metagenome	illumina	2011-04-09T13:56	-21.146	-104.787	5	(SRF) surface water layer (ENVO:00002042)
TARA_100_DCM_0.22-3	ERR599081|ERR599113	TARA_B100000965	sunagawa2015|lima-mendez2015	metagenome	illumina	2011-04-15T19:38	-12.9723	-96.0122	50	(DCM) deep chlorophyll maximum layer (ENVO:01000326)
TARA_100_DCM_0.8-5	ERR562535	TARA_N000001610	lima-mendez2015	amplicon	illumina	2011-04-15T19:38	-12.9723	-96.0122	50	(DCM) deep chlorophyll maximum layer (ENVO:01000326)
TARA_100_DCM_180-2000	ERR562589	TARA_N000001622	lima-mendez2015	amplicon	illumina	2011-04-15T23:30	-12.9214	-96.0953	50	(DCM) deep chlorophyll maximum layer (ENVO:01000326)
TARA_100_DCM_20-180	ERR562676	TARA_N000001618	lima-mendez2015	amplicon	illumina	2011-04-16T00:04	-12.9119	-96.1101	50	(DCM) deep chlorophyll maximum layer (ENVO:01000326)
TARA_100_MES_0.22-3	ERR598946|ERR598953|ERR598981	TARA_B100000959	sunagawa2015	metagenome	illumina	2011-04-16T13:03:08	-12.9794	-96.0232	177	(DCM) deep chlorophyll maximum layer (ENVO:01000326) & marine oxygen minimum zone (ENVO:01000065)
TARA_100_SRF_0.22-3	ERR599063|ERR599163|ERR599169	TARA_B100000963	sunagawa2015|lima-mendez2015	metagenome	illumina	2011-04-15T12:45	-13.0023	-95.9759	5	(SRF) surface water layer (ENVO:00002042)
TARA_100_SRF_0.8->	ERR562460	TARA_N000001604	lima-mendez2015	amplicon	illumina	2011-04-15T12:45	-13.0023	-95.9759	5	(SRF) surface water layer (ENVO:00002042)
TARA_100_SRF_0.8-5	ERR562638	TARA_N000001608	lima-mendez2015	amplicon	illumina	2011-04-15T12:45	-13.0023	-95.9759	5	(SRF) surface water layer (ENVO:00002042)
TARA_100_SRF_180-2000	ERR562610	TARA_N000001620	lima-mendez2015	amplicon	illumina	2011-04-15T17:19	-12.9359	-96.0413	5	(SRF) surface water layer (ENVO:00002042)
TARA_100_SRF_20-180	ERR562506	TARA_N000001616	lima-mendez2015	amplicon	illumina	2011-04-15T13:27	-12.991	-95.9893	5	(SRF) surface water layer (ENVO:00002042)
TARA_102_DCM_0.22-3	ERR598962|ERR599007|ERR599168	TARA_B100000902	sunagawa2015|lima-mendez2015	metagenome	illumina	2011-04-22T21:13	-5.2669	-85.2732	40	(DCM) deep chlorophyll maximum layer (ENVO:01000326)
TARA_102_DCM_0.8-5	ERR562553	TARA_N000001652	lima-mendez2015	amplicon	illumina	2011-04-22T21:13	-5.2669	-85.2732	40	(DCM) deep chlorophyll maximum layer (ENVO:01000326)
TARA_102_DCM_20-180	ERR562730	TARA_N000001660	lima-mendez2015	amplicon	illumina	2011-04-22T20:17	-5.2686	-85.248	40	(DCM) deep chlorophyll maximum layer (ENVO:01000326)
TARA_102_MES_0.22-3	ERR599055|ERR599128|ERR599132	TARA_B100000953	sunagawa2015	metagenome	illumina	2011-04-22T12:08:28	-5.261	-85.1678	480	(MES) mesopelagic zone (ENVO:00000213) & marine oxygen minimum zone (ENVO:01000065)
TARA_102_SRF_0.22-3	ERR598943|ERR598978	TARA_B100000900	sunagawa2015|lima-mendez2015	metagenome	illumina	2011-04-21T20:07	-5.2529	-85.1545	5	(SRF) surface water layer (ENVO:00002042)
TARA_102_SRF_0.8->	ERR562574	TARA_N000001646	lima-mendez2015	amplicon	illumina	2011-04-21T20:07	-5.2529	-85.1545	5	(SRF) surface water layer (ENVO:00002042)
TARA_102_SRF_0.8-5	ERR562517	TARA_N000001650	lima-mendez2015	amplicon	illumina	2011-04-21T20:07	-5.2529	-85.1545	5	(SRF) surface water layer (ENVO:00002042)
TARA_102_SRF_180-2000	ERR562382	TARA_N000001662	lima-mendez2015	amplicon	illumina	2011-04-21T23:03	-5.2537	-85.2221	5	(SRF) surface water layer (ENVO:00002042)
TARA_102_SRF_20-180	ERR562539	TARA_N000001658	lima-mendez2015	amplicon	illumina	2011-04-21T20:42	-5.2514	-85.1696	5	(SRF) surface water layer (ENVO:00002042)
TARA_109_DCM_<-0.22	ERR594357|ERR594380|ERR594381|ERR594383|ERR594387	TARA_R100001510	sunagawa2015	metagenome	illumina	2011-05-12T22:15	2.0299	-84.5546	30	(DCM) deep chlorophyll maximum layer (ENVO:01000326)
TARA_109_DCM_0.22-3	ERR598952|ERR599065|ERR599108	TARA_B100000927	sunagawa2015|lima-mendez2015	metagenome	illumina	2011-05-12T22:15	2.0299	-84.5546	30	(DCM) deep chlorophyll maximum layer (ENVO:01000326)
TARA_109_DCM_0.8-5	ERR562721	TARA_N000001732	lima-mendez2015	amplicon	illumina	2011-05-12T22:15	2.0299	-84.5546	30	(DCM) deep chlorophyll maximum layer (ENVO:01000326)
TARA_109_DCM_180-2000	NaN	TARA_N000001744	lima-mendez2015			2011-05-13T19:40	2.0029	-84.5774	40	(DCM) deep chlorophyll maximum layer (ENVO:01000326)
TARA_109_DCM_20-180	ERR562598	TARA_N000001796	lima-mendez2015	amplicon	illumina	2011-05-13T20:14	2.0218	-84.5652	40	(DCM) deep chlorophyll maximum layer (ENVO:01000326)
TARA_109_MES_0.22-3	ERR598971|ERR599067	TARA_B100000929	sunagawa2015	metagenome	illumina	2011-05-13T16:08:58	2.0649	-84.5546	380	(MES) mesopelagic zone (ENVO:00000213) & marine oxygen minimum zone (ENVO:01000065)
TARA_109_SRF_<-0.22	ERR594412	TARA_R100001509	sunagawa2015	metagenome	illumina	2011-05-12T14:00	1.9928	-84.5766	5	(SRF) surface water layer (ENVO:00002042)
TARA_109_SRF_0.22-3	ERR598997|ERR599118	TARA_B100000925	sunagawa2015|lima-mendez2015	metagenome	illumina	2011-05-12T14:00	1.9928	-84.5766	5	(SRF) surface water layer (ENVO:00002042)
TARA_109_SRF_0.8->	ERR562495	TARA_N000001727	lima-mendez2015	amplicon	illumina	2011-05-12T14:00	1.9928	-84.5766	5	(SRF) surface water layer (ENVO:00002042)
TARA_109_SRF_0.8-5	ERR562616	TARA_N000001730	lima-mendez2015	amplicon	illumina	2011-05-12T14:00	1.9928	-84.5766	5	(SRF) surface water layer (ENVO:00002042)
TARA_109_SRF_180-2000	ERR562722	TARA_N000001742	lima-mendez2015	amplicon	illumina	2011-05-12T17:55	2.0574	-84.5546	5	(SRF) surface water layer (ENVO:00002042)
TARA_109_SRF_20-180	ERR562644	TARA_N000001738	lima-mendez2015	amplicon	illumina	2011-05-12T14:00	1.9958	-84.576	5	(SRF) surface water layer (ENVO:00002042)
TARA_110_DCM_0.22-3	ERR599014	TARA_B100001113	sunagawa2015|lima-mendez2015	metagenome	illumina	2011-05-21T21:00	-1.9002	-84.6265	50	(DCM) deep chlorophyll maximum layer (ENVO:01000326)
TARA_110_MES_0.22-3	ERR599020	TARA_B100001079	sunagawa2015	metagenome	illumina	2011-05-22T13:20	-1.8902	-84.6141	380	(MES) mesopelagic zone (ENVO:00000213) & marine oxygen minimum zone (ENVO:01000065)
TARA_110_SRF_0.22-3	ERR599039	TARA_B100001109	sunagawa2015|lima-mendez2015	metagenome	illumina	2011-05-21T12:27	-2.0133	-84.589	5	(SRF) surface water layer (ENVO:00002042)
TARA_111_DCM_0.22-3	ERR598961	TARA_B100000579	sunagawa2015|lima-mendez2015	metagenome	illumina	2011-05-31T20:28:10	-16.9587	-100.6751	90	(DCM) deep chlorophyll maximum layer (ENVO:01000326)
TARA_111_DCM_0.8-5	ERR562604	TARA_N000001816	lima-mendez2015	amplicon	illumina	2011-05-31T20:28:10	-16.9587	-100.6751	90	(DCM) deep chlorophyll maximum layer (ENVO:01000326)
TARA_111_DCM_180-2000	ERR562579	TARA_N000001828	lima-mendez2015	amplicon	illumina	2011-06-01T21:56	-16.9741	-100.6683	90	(DCM) deep chlorophyll maximum layer (ENVO:01000326)
TARA_111_DCM_20-180	ERR562508	TARA_N000001824	lima-mendez2015	amplicon	illumina	2011-06-01T22:20	-16.9763	-100.6794	90	(DCM) deep chlorophyll maximum layer (ENVO:01000326)
TARA_111_MES_0.22-3	ERR599086	TARA_B100000586	sunagawa2015	metagenome	illumina	2011-06-01T16:00:59	-16.9486	-100.6715	350	(MES) mesopelagic zone (ENVO:00000213) & marine oxygen minimum zone (ENVO:01000065)
TARA_111_SRF_0.22-3	ERR599077	TARA_B100000575	sunagawa2015|lima-mendez2015	metagenome	illumina	2011-05-31T14:25	-16.9601	-100.6335	5	(SRF) surface water layer (ENVO:00002042)
TARA_111_SRF_0.8->	ERR562461	TARA_N000001810	lima-mendez2015	amplicon	illumina	2011-05-31T14:25	-16.9601	-100.6335	5	(SRF) surface water layer (ENVO:00002042)
TARA_111_SRF_0.8-5	ERR562452	TARA_N000001812	lima-mendez2015	amplicon	illumina	2011-05-31T14:25	-16.9601	-100.6335	5	(SRF) surface water layer (ENVO:00002042)
TARA_111_SRF_180-2000	ERR562612	TARA_N000001826	lima-mendez2015	amplicon	illumina	2011-05-31T17:08	-16.9554	-100.6911	5	(SRF) surface water layer (ENVO:00002042)
TARA_111_SRF_20-180	ERR562459	TARA_N000001823	lima-mendez2015	amplicon	illumina	2011-05-31T15:41	-16.9581	-100.6588	5	(SRF) surface water layer (ENVO:00002042)
TARA_112_DCM_0.22-3	ERR598957	TARA_B100000945	sunagawa2015|lima-mendez2015	metagenome	illumina	2011-06-15T00:55:48	-23.2189	-129.4997	155	(DCM) deep chlorophyll maximum layer (ENVO:01000326)
TARA_112_MES_0.22-3	ERR599072	TARA_B100000949	sunagawa2015	metagenome	illumina	2011-06-15T18:43:16	-23.2232	-129.5986	696	(MES) mesopelagic zone (ENVO:00000213)
TARA_112_SRF_0.22-3	ERR598954	TARA_B100000941	sunagawa2015|lima-mendez2015	metagenome	illumina	2011-06-14T16:45	-23.2811	-129.3947	5	(SRF) surface water layer (ENVO:00002042)
TARA_122_DCM_0.1-0.22	ERR594284	TARA_Y100001973	sunagawa2015	metagenome	illumina	2011-07-28T17:15:56	-9.0063	-139.1394	115	(DCM) deep chlorophyll maximum layer (ENVO:01000326)
TARA_122_DCM_0.22-0.45	ERR594304	TARA_Y100001970	sunagawa2015	metagenome	illumina	2011-07-28T17:15:56	-9.0063	-139.1394	115	(DCM) deep chlorophyll maximum layer (ENVO:01000326)
TARA_122_DCM_0.22-3	ERR598948	TARA_B100000700	sunagawa2015|lima-mendez2015	metagenome	illumina	2011-07-28T17:15:56	-9.0063	-139.1394	115	(DCM) deep chlorophyll maximum layer (ENVO:01000326)
TARA_122_DCM_0.45-0.8	ERR594301	TARA_Y100001968	sunagawa2015	metagenome	illumina	2011-07-28T17:15:56	-9.0063	-139.1394	115	(DCM) deep chlorophyll maximum layer (ENVO:01000326)
TARA_122_DCM_0.8-5	ERR562480	TARA_N000001948	lima-mendez2015	amplicon	illumina	2011-07-28T17:15:56	-9.0063	-139.1394	115	(DCM) deep chlorophyll maximum layer (ENVO:01000326)
TARA_122_DCM_180-2000	ERR562446	TARA_N000001954	lima-mendez2015	amplicon	illumina	2011-07-28T20:28	-8.957	-139.2422	115	(DCM) deep chlorophyll maximum layer (ENVO:01000326)
TARA_122_DCM_20-180	ERR562692	TARA_N000001952	lima-mendez2015	amplicon	illumina	2011-07-28T21:42	-8.9748	-139.2091	115	(DCM) deep chlorophyll maximum layer (ENVO:01000326)
TARA_122_MES_0.1-0.22	ERR594309	TARA_Y100001951	sunagawa2015	metagenome	illumina	2011-07-27T19:28:43	-8.9729	-139.2393	600	(MES) mesopelagic zone (ENVO:00000213)
TARA_122_MES_0.22-0.45	ERR594305	TARA_Y100001949	sunagawa2015	metagenome	illumina	2011-07-27T19:28:43	-8.9729	-139.2393	600	(MES) mesopelagic zone (ENVO:00000213)
TARA_122_MES_0.22-3	ERR598999|ERR599033|ERR599083|ERR599096	TARA_B100000678	sunagawa2015	metagenome	illumina	2011-07-27T19:28:43	-8.9729	-139.2393	600	(MES) mesopelagic zone (ENVO:00000213)
TARA_122_MES_0.45-0.8	ERR594322	TARA_Y100001947	sunagawa2015	metagenome	illumina	2011-07-27T19:28:43	-8.9729	-139.2393	600	(MES) mesopelagic zone (ENVO:00000213)
TARA_122_SRF_0.1-0.22	ERR594292	TARA_Y100001972	sunagawa2015	metagenome	illumina	2011-07-26T17:10	-8.9971	-139.1963	5	(SRF) surface water layer (ENVO:00002042)
TARA_122_SRF_0.22-0.45	ERR594307	TARA_Y100001980	sunagawa2015	metagenome	illumina	2011-07-26T17:10	-8.9971	-139.1963	5	(SRF) surface water layer (ENVO:00002042)
TARA_122_SRF_0.22-3	ERR598992	TARA_B100001115	sunagawa2015|lima-mendez2015	metagenome	illumina	2011-07-26T17:10	-8.9971	-139.1963	5	(SRF) surface water layer (ENVO:00002042)
TARA_122_SRF_0.45-0.8	ERR594306	TARA_Y100001978	sunagawa2015	metagenome	illumina	2011-07-26T17:10	-8.9971	-139.1963	5	(SRF) surface water layer (ENVO:00002042)
TARA_122_SRF_0.8->	ERR562568	TARA_N000001937	lima-mendez2015	amplicon	illumina	2011-07-26T17:10	-8.9971	-139.1963	5	(SRF) surface water layer (ENVO:00002042)
TARA_122_SRF_0.8-5	ERR562700	TARA_N000001938	lima-mendez2015	amplicon	illumina	2011-07-26T17:10	-8.9971	-139.1963	5	(SRF) surface water layer (ENVO:00002042)
TARA_122_SRF_180-2000	ERR562651	TARA_N000001942	lima-mendez2015	amplicon	illumina	2011-07-26T21:42	-8.9948	-139.2172	5	(SRF) surface water layer (ENVO:00002042)
TARA_122_SRF_20-180	ERR562499	TARA_N000001941	lima-mendez2015	amplicon	illumina	2011-07-26T23:30	-9.006	-139.206	5	(SRF) surface water layer (ENVO:00002042)
TARA_123_MIX_0.1-0.22	ERR594293	TARA_Y100001963	sunagawa2015	metagenome	illumina	2011-08-01T17:52:45	-8.9109	-140.2845	150	(MIX) marine epipelagic mixed layer (ENVO:01000061)
TARA_123_MIX_0.22-0.45	ERR594337	TARA_Y100001960	sunagawa2015	metagenome	illumina	2011-08-01T17:52:45	-8.9109	-140.2845	150	(MIX) marine epipelagic mixed layer (ENVO:01000061)
TARA_123_MIX_0.22-3	ERR598956|ERR598998|ERR599117|ERR599157	TARA_B100000686	sunagawa2015	metagenome	illumina	2011-08-01T17:52:45	-8.9109	-140.2845	150	(MIX) marine epipelagic mixed layer (ENVO:01000061)
TARA_123_MIX_0.45-0.8	ERR594319	TARA_Y100001956	sunagawa2015	metagenome	illumina	2011-08-01T17:52:45	-8.9109	-140.2845	150	(MIX) marine epipelagic mixed layer (ENVO:01000061)
TARA_123_SRF_0.22-0.45	ERR594326	TARA_Y100001958	sunagawa2015	metagenome	illumina	2011-07-31T17:20	-8.9068	-140.283	5	(SRF) surface water layer (ENVO:00002042)
TARA_123_SRF_0.22-3	ERR599160	TARA_B100000683	sunagawa2015|lima-mendez2015	metagenome	illumina	2011-07-31T17:20	-8.9068	-140.283	5	(SRF) surface water layer (ENVO:00002042)
TARA_123_SRF_0.45-0.8	ERR594347	TARA_Y100001954	sunagawa2015	metagenome	illumina	2011-07-31T17:20	-8.9068	-140.283	5	(SRF) surface water layer (ENVO:00002042)
TARA_123_SRF_0.8->	ERR562444	TARA_N000001972	lima-mendez2015	amplicon	illumina	2011-07-31T17:20	-8.9068	-140.283	5	(SRF) surface water layer (ENVO:00002042)
TARA_123_SRF_0.8-5	ERR305910|ERR562664	TARA_N000001992	lima-mendez2015	metagenome|amplicon	illumina	2011-07-31T17:20	-8.9068	-140.283	5	(SRF) surface water layer (ENVO:00002042)
TARA_123_SRF_180-2000	ERR562637	TARA_N000001998	lima-mendez2015	amplicon	illumina	2011-07-31T20:41	-8.8932	-140.2879	5	(SRF) surface water layer (ENVO:00002042)
TARA_123_SRF_20-180	ERR562586	TARA_N000001996	lima-mendez2015	amplicon	illumina	2011-07-31T23:07	-8.9056	-140.2792	5	(SRF) surface water layer (ENVO:00002042)
TARA_124_MIX_0.1-0.22	ERR594285	TARA_Y100001938	sunagawa2015	metagenome	illumina	2011-08-05T17:31:19	-9.0714	-140.5973	120	(MIX) marine epipelagic mixed layer (ENVO:01000061)
TARA_124_MIX_0.22-0.45	ERR594343	TARA_Y100001936	sunagawa2015	metagenome	illumina	2011-08-05T17:31:19	-9.0714	-140.5973	120	(MIX) marine epipelagic mixed layer (ENVO:01000061)
TARA_124_MIX_0.22-3	ERR598988|ERR599084|ERR599089|ERR599161	TARA_B100000676	sunagawa2015	metagenome	illumina	2011-08-05T17:31:19	-9.0714	-140.5973	120	(MIX) marine epipelagic mixed layer (ENVO:01000061)
TARA_124_MIX_0.45-0.8	ERR594338	TARA_Y100001934	sunagawa2015	metagenome	illumina	2011-08-05T17:31:19	-9.0714	-140.5973	120	(MIX) marine epipelagic mixed layer (ENVO:01000061)
TARA_124_SRF_0.1-0.22	ERR594287	TARA_Y100001937	sunagawa2015	metagenome	illumina	2011-08-04T18:33	-9.1504	-140.5216	5	(SRF) surface water layer (ENVO:00002042)
TARA_124_SRF_0.22-0.45	ERR594311	TARA_Y100001935	sunagawa2015	metagenome	illumina	2011-08-04T18:33	-9.1504	-140.5216	5	(SRF) surface water layer (ENVO:00002042)
TARA_124_SRF_0.22-3	ERR599036|ERR599069|ERR599080|ERR599151	TARA_B100000674	sunagawa2015|lima-mendez2015	metagenome	illumina	2011-08-04T18:33	-9.1504	-140.5216	5	(SRF) surface water layer (ENVO:00002042)
TARA_124_SRF_0.45-0.8	ERR594296	TARA_Y100001933	sunagawa2015	metagenome	illumina	2011-08-04T18:33	-9.1504	-140.5216	5	(SRF) surface water layer (ENVO:00002042)
TARA_124_SRF_0.8->	ERR562518	TARA_N000002036	lima-mendez2015	amplicon	illumina	2011-08-04T18:33	-9.1504	-140.5216	5	(SRF) surface water layer (ENVO:00002042)
TARA_124_SRF_0.8-5	ERR562702	TARA_N000002037	lima-mendez2015	amplicon	illumina	2011-08-04T18:33	-9.1504	-140.5216	5	(SRF) surface water layer (ENVO:00002042)
TARA_124_SRF_180-2000	ERR562509	TARA_N000002043	lima-mendez2015	amplicon	illumina	2011-08-04T21:27	-9.1508	-140.4969	5	(SRF) surface water layer (ENVO:00002042)
TARA_124_SRF_20-180	ERR562491	TARA_N000002041	lima-mendez2015	amplicon	illumina	2011-08-05T01:13	-9.1463	-140.515	5	(SRF) surface water layer (ENVO:00002042)
TARA_125_MIX_0.1-0.22	ERR594341	TARA_Y100000593	sunagawa2015	metagenome	illumina	2011-08-09T17:05:33	-8.8999	-142.5461	140	(MIX) marine epipelagic mixed layer (ENVO:01000061)
TARA_125_MIX_0.22-0.45	ERR594342	TARA_Y100000591	sunagawa2015	metagenome	illumina	2011-08-09T17:05:33	-8.8999	-142.5461	140	(MIX) marine epipelagic mixed layer (ENVO:01000061)
TARA_125_MIX_0.22-3	ERR599156	TARA_B100001123	sunagawa2015	metagenome	illumina	2011-08-09T17:05:33	-8.8999	-142.5461	140	(MIX) marine epipelagic mixed layer (ENVO:01000061)
TARA_125_MIX_0.45-0.8	ERR594300	TARA_Y100000589	sunagawa2015	metagenome	illumina	2011-08-09T17:05:33	-8.8999	-142.5461	140	(MIX) marine epipelagic mixed layer (ENVO:01000061)
TARA_125_SRF_0.1-0.22	ERR594344	TARA_Y100000592	sunagawa2015	metagenome	illumina	2011-08-08T17:33	-8.9111	-142.5571	5	(SRF) surface water layer (ENVO:00002042)
TARA_125_SRF_0.22-0.45	ERR594339	TARA_Y100000590	sunagawa2015	metagenome	illumina	2011-08-08T17:33	-8.9111	-142.5571	5	(SRF) surface water layer (ENVO:00002042)
TARA_125_SRF_0.22-3	ERR599066|ERR599091|ERR599114|ERR599119	TARA_B100001121	sunagawa2015|lima-mendez2015	metagenome	illumina	2011-08-08T17:33	-8.9111	-142.5571	5	(SRF) surface water layer (ENVO:00002042)
TARA_125_SRF_0.45-0.8	ERR594323	TARA_Y100000588	sunagawa2015	metagenome	illumina	2011-08-08T17:33	-8.9111	-142.5571	5	(SRF) surface water layer (ENVO:00002042)
TARA_125_SRF_0.8->	ERR562437	TARA_N000002017	lima-mendez2015	amplicon	illumina	2011-08-08T17:33	-8.9111	-142.5571	5	(SRF) surface water layer (ENVO:00002042)
TARA_125_SRF_0.8-5	ERR562670	TARA_N000002019	lima-mendez2015	amplicon	illumina	2011-08-08T17:33	-8.9111	-142.5571	5	(SRF) surface water layer (ENVO:00002042)
TARA_125_SRF_180-2000	ERR562578	TARA_N000002025	lima-mendez2015	amplicon	illumina	2011-08-08T20:16	-8.892	-142.6358	5	(SRF) surface water layer (ENVO:00002042)
TARA_125_SRF_20-180	ERR562621	TARA_N000002024	lima-mendez2015	amplicon	illumina	2011-08-08T21:50	-8.894	-142.631	5	(SRF) surface water layer (ENVO:00002042)
TARA_128_DCM_0.22-3	ERR599032	TARA_B100000614	sunagawa2015|lima-mendez2015	metagenome	illumina	2011-09-05T18:40	0.0222	-153.6858	40	(DCM) deep chlorophyll maximum layer (ENVO:01000326)
TARA_128_SRF_0.22-3	ERR599038	TARA_B100000609	sunagawa2015|lima-mendez2015	metagenome	illumina	2011-09-04T18:00	0.0003	-153.6759	5	(SRF) surface water layer (ENVO:00002042)
TARA_132_DCM_0.22-3	ERR598995	TARA_B100001250	sunagawa2015|lima-mendez2015	metagenome	illumina	2011-10-05T00:59:03	31.5168	-159.046	115	(DCM) deep chlorophyll maximum layer (ENVO:01000326)
TARA_132_MES_0.22-3	ERR598980	TARA_B100001245	sunagawa2015	metagenome	illumina	2011-10-05T20:45:47	31.528	-159.0224	550	(MES) mesopelagic zone (ENVO:00000213)
TARA_132_SRF_0.22-3	ERR599142	TARA_B100001248	sunagawa2015|lima-mendez2015	metagenome	illumina	2011-10-04T17:46	31.5213	-158.9958	5	(SRF) surface water layer (ENVO:00002042)
TARA_133_DCM_0.22-3	ERR598942	TARA_B100001094	sunagawa2015|lima-mendez2015	metagenome	illumina	2011-10-19T00:09	35.4002	-127.7499	45	(DCM) deep chlorophyll maximum layer (ENVO:01000326)
TARA_133_MES_0.22-3	ERR599115	TARA_B100001105	sunagawa2015	metagenome	illumina	2011-10-19T19:27:16	35.2698	-127.7268	650	(MES) mesopelagic zone (ENVO:00000213)
TARA_133_SRF_0.22-3	ERR599052	TARA_B100001093	sunagawa2015|lima-mendez2015	metagenome	illumina	2011-10-18T15:35	35.3671	-127.7422	5	(SRF) surface water layer (ENVO:00002042)
TARA_137_DCM_0.22-3	ERR598987|ERR599070|ERR599099|ERR599147	TARA_B100001964	sunagawa2015|lima-mendez2015	metagenome	illumina	2011-12-02T20:42	14.2075	-116.6468	40	(DCM) deep chlorophyll maximum layer (ENVO:01000326)
TARA_137_MES_0.22-3	ERR599015|ERR599076|ERR599127|ERR599152	TARA_B100001971	sunagawa2015	metagenome	illumina	2011-12-03T14:31:20	14.2025	-116.6433	375	(MES) mesopelagic zone (ENVO:00000213)
TARA_137_SRF_0.22-3	ERR598989	TARA_B100001287	sunagawa2015|lima-mendez2015	metagenome	illumina	2011-12-02T14:12	14.2035	-116.6261	5	(SRF) surface water layer (ENVO:00002042)
TARA_138_DCM_0.22-3	ERR599087	TARA_B100001996	sunagawa2015|lima-mendez2015	metagenome	illumina	2011-12-11T13:27:34	6.3378	-102.9538	60	(DCM) deep chlorophyll maximum layer (ENVO:01000326)
TARA_138_MES_0.22-3	ERR599004|ERR599051|ERR599060|ERR599175	TARA_B100002003	sunagawa2015	metagenome	illumina	2011-12-11T20:37:22	6.3559	-103.0598	450	(MES) mesopelagic zone (ENVO:00000213)
TARA_138_SRF_0.22-3	ERR599030	TARA_B100001989	sunagawa2015|lima-mendez2015	metagenome	illumina	2011-12-10T14:08	6.3332	-102.9432	5	(SRF) surface water layer (ENVO:00002042)
TARA_140_SRF_0.22-3	ERR599162	TARA_B100002019	sunagawa2015|lima-mendez2015	metagenome	illumina	2011-12-21T16:20	7.4122	-79.3017	5	(SRF) surface water layer (ENVO:00002042)
TARA_141_SRF_0.22-3	ERR599029	TARA_B100001939	sunagawa2015|lima-mendez2015	metagenome	illumina	2011-12-30T13:35	9.8481	-80.0454	5	(SRF) surface water layer (ENVO:00002042)
TARA_142_DCM_0.22-3	ERR599100	TARA_B100002052	sunagawa2015|lima-mendez2015	metagenome	illumina	2012-01-09T20:17:16	25.6168	-88.4532	125	(DCM) deep chlorophyll maximum layer (ENVO:01000326)
TARA_142_MES_0.22-3	ERR598985	TARA_B100002049	sunagawa2015	metagenome	illumina	2012-01-10T14:49:35	25.6236	-88.45	640	(MES) mesopelagic zone (ENVO:00000213)
TARA_142_SRF_0.22-3	ERR599136	TARA_B100002051	sunagawa2015|lima-mendez2015	metagenome	illumina	2012-01-09T13:41	25.5264	-88.394	5	(SRF) surface water layer (ENVO:00002042)
TARA_145_MES_0.22-3	ERR599166	TARA_B100001146	sunagawa2015	metagenome	illumina	2012-02-02T18:36:58	39.2392	-70.0343	590	(MES) mesopelagic zone (ENVO:00000213) & marine oxygen minimum zone (ENVO:01000065)
TARA_145_SRF_0.22-3	ERR598983	TARA_B100001142	sunagawa2015|lima-mendez2015	metagenome	illumina	2012-02-02T11:52	39.2305	-70.0377	5	(SRF) surface water layer (ENVO:00002042)
TARA_146_MES_0.22-3	ERR599047	TARA_B100001167	sunagawa2015	metagenome	illumina	2012-02-16T12:01:25	34.6663	-71.2907	640	(MES) mesopelagic zone (ENVO:00000213)
TARA_146_SRF_0.22-3	ERR598968	TARA_B100001540	sunagawa2015|lima-mendez2015	metagenome	illumina	2012-02-15T12:54	34.6712	-71.3093	5	(SRF) surface water layer (ENVO:00002042)
TARA_148_SRF_0.22-3	ERR599123	TARA_B100001741	sunagawa2015|lima-mendez2015	metagenome	illumina	2012-02-24T11:40	31.6948	-64.2489	5	(SRF) surface water layer (ENVO:00002042)
TARA_148b_MES_0.22-3	ERR598958	TARA_B100001750	sunagawa2015	metagenome	illumina	2012-02-27T15:28:31	34.1504	-56.9684	250	(MES) mesopelagic zone (ENVO:00000213)
TARA_149_MES_0.22-3	ERR598964	TARA_B100001765	sunagawa2015	metagenome	illumina	2012-03-01T18:50:26	34.0771	-49.8233	740	(MES) mesopelagic zone (ENVO:00000213)
TARA_149_SRF_0.22-3	ERR598963	TARA_B100001758	sunagawa2015|lima-mendez2015	metagenome	illumina	2012-03-01T10:48	34.1132	-49.9181	5	(SRF) surface water layer (ENVO:00002042)
TARA_150_DCM_0.22-3	ERR598996	TARA_B100001778	sunagawa2015|lima-mendez2015	metagenome	illumina	2012-03-05T17:34	35.8427	-37.1526	40	(DCM) deep chlorophyll maximum layer (ENVO:01000326)
TARA_150_SRF_0.22-3	ERR599170	TARA_B100001769	sunagawa2015|lima-mendez2015	metagenome	illumina	2012-03-05T09:25	35.9346	-37.3032	5	(SRF) surface water layer (ENVO:00002042)
TARA_151_DCM_0.22-3	ERR598986	TARA_B100001559	sunagawa2015|lima-mendez2015	metagenome	illumina	2012-03-09T17:42:29	36.1811	-28.9373	80	(DCM) deep chlorophyll maximum layer (ENVO:01000326)
TARA_151_SRF_0.22-3	ERR598976	TARA_B100001564	sunagawa2015	metagenome	illumina	2012-03-09T08:59	36.1715	-29.023	5	(SRF) surface water layer (ENVO:00002042)
TARA_152_MES_0.22-3	ERR598944	TARA_B100001179	sunagawa2015	metagenome	illumina	2012-03-19T14:59:48	43.7182	-16.8714	800	(MES) mesopelagic zone (ENVO:00000213)
TARA_152_MIX_0.22-3	ERR599001	TARA_B100001175|TARA_B100002029	sunagawa2015	metagenome	illumina	2012-03-20T08:48:42	43.7056	-16.8794	25	(MIX) marine epipelagic mixed layer (ENVO:01000061)
TARA_152_SRF_0.22-3	ERR599078	TARA_B100001173	sunagawa2015	metagenome	illumina	2012-03-19T08:18	43.6792	-16.8344	5	(SRF) surface water layer (ENVO:00002042)