osd_id|label|bioarchive_code|ena_acc|biosample_acc|start_lat|start_lon|stop_lat|stop_lon|water_depth|local_date|local_start|local_end|start_date_time_utc|end_date_time_utc|site_name|iho_label|mrgid|protocol|objective|platform|device|description|water_temperature|salinity|biome|biome_id|feature|feature_id|material|material_id|ph|phosphate|nitrate|carbon_organic_particulate|nitrite|carbon_organic_dissolved_doc|nano_microplankton|downward_par|conductivity|primary_production_isotope_uptake|primary_production_oxygen|dissolved_oxygen_concentration|nitrogen_organic_particulate_pon|meso_macroplankton|bacterial_production_isotope_uptake|nitrogen_organic_dissolved_don|ammonium|silicate|bacterial_production_respiration|turbidity|fluorescence|pigment_concentration|picoplankton_flow_cytometry|dist_coast_m|dist_coast_iso3_code|longhurst_code|longhurst_descr|longhurst_dist_degrees|lme_name|lme_dist_m
199|OSD199_2015-06-22_0m_NPL022_rnalater|AB0KN66|""|""|36.603298|-121.889377|36.603298|-121.889377|0|2015-06-22|11:07:00-08|11:17:00-08|2015-06-22T19:07:00+00|2015-06-22T19:17:00+00|Monterey Bay NMS|North Pacific Ocean|1908|NPL022_rnalater|to collect and measure samples for OSD2015|""|sterivex filters|used clean sample bucket to collect water and put into two 10 L carboys for transportation to the lab. A sea lion and sea otter were swimming in the vicinity.|17.1|NaN|biome|00000428|environmental feature|00002297|environmental material|00010483|NaN|NaN|NaN|NaN|NaN|NaN|NaN|NaN|NaN|NaN|NaN|NaN|NaN|NaN|NaN|NaN|NaN|NaN|NaN|NaN|NaN|NaN|NaN|0|USA||||California Current|2723
195|OSD195_2015-06-22_1m_NPL022_rnalater|AB0KN53|""|""|41.3836|16.1253|41.3836|16.1253|1|2015-06-22|12:00:00+01|12:10:00+01|2015-06-22T11:00:00+00|2015-06-22T11:10:00+00|Saline di Margherita di Savoia|Adriatic Sea|3314|NPL022_rnalater|Decipher the microbiote of a crystallizing pond from the salterns of Margherita di Savoia.|""|1 liter glass bottle|The collected sample appeared slightly pink for the presence of microalga Dunaliella salina.|30|NaN|biome|00000428|environmental feature|00002297|environmental material|00010483|7.2|NaN|NaN|NaN|NaN|NaN|NaN|NaN|NaN|NaN|NaN|NaN|NaN|NaN|NaN|NaN|NaN|NaN|NaN|NaN|NaN|NaN|NaN|0|ITA||||Mediterranean Sea|481
192|OSD192_2015-06-18_0m_NPL022|""|""|""|58.877|-11.139|58.877|-11.139|0|2015-06-18|14:08:00-01|14:28:00-01|2015-06-18T15:08:00+00|2015-06-18T15:28:00+00|Tjärnö|North Atlantic Ocean|1912|NPL022|""|""|""|""|15|NaN|marine biome|00000447|surface water|00002042|environmental material|00010483|NaN|NaN|NaN|NaN|NaN|NaN|NaN|NaN|NaN|NaN|NaN|NaN|NaN|NaN|NaN|NaN|NaN|NaN|NaN|NaN|NaN|NaN|NaN|186551|GBR|||||
185|OSD185_2015-06-23_3m_NPL022_rnalater|AB0KO19|""|""|51.481583|2.451483|51.481583|2.450316667|3|2015-06-23|16:02:51+00|16:02:51+00|2015-06-23T16:02:51+00|2015-06-23T16:02:51+00|421|North Sea|2350|NPL022_rnalater|During Lifewatch monitoring campaign we sampled for OSD as well.|""|Niskinbottle (6 * 4liters)|water sample from 3 meters depth|14.8095|34.9892|biome|00000428|environmental feature|00002297|environmental material|00010483|8.085|0.06|NaN|NaN|NaN|NaN|NaN|NaN|NaN|NaN|NaN|NaN|NaN|NaN|NaN|NaN|NaN|NaN|NaN|NaN|NaN|NaN|NaN|40955|BEL||||North Sea|0
184|OSD184_2015-06-23_3m_NPL022_rnalater|AB0KN83|""|""|51.682917|2.4152|51.682917|2.418866667|3|2015-06-23|19:46:26+00|19:46:26+00|2015-06-23T19:46:26+00|2015-06-23T19:46:26+00|W10|North Sea|2350|NPL022_rnalater|During Lifewatch monitoring campaign we sampled for OSD as well.|""|Niskinbottle (6 * 4liters)|water sample from 3 meters depth |14.2289|35.1351|biome|00000428|environmental feature|00002297|environmental material|00010483|8.057|0.05|NaN|NaN|NaN|NaN|NaN|NaN|NaN|NaN|NaN|NaN|NaN|NaN|NaN|NaN|NaN|NaN|NaN|NaN|NaN|NaN|NaN|60511|BEL||||North Sea|0
183|OSD183_2015-06-23_3m_NPL022_rnalater|AB0KN56|""|""|51.74835|2.698|51.74835|2.699533333|3|2015-06-23|23:26:11+00|23:26:11+00|2015-06-23T23:26:11+00|2015-06-23T23:26:11+00|W09|North Sea|2350|NPL022_rnalater|During Lifewatch monitoring campaign we sampled for OSD as well. |""|Niskinbottle (6 * 4liters)|water sample from 3 meters depth |14.6159|34.9687|biome|00000428|environmental feature|00002297|environmental material|00010483|8.033|0.03|NaN|NaN|NaN|NaN|NaN|NaN|NaN|NaN|NaN|NaN|NaN|NaN|NaN|NaN|NaN|NaN|NaN|NaN|NaN|NaN|NaN|55961|BEL||||North Sea|0
182|OSD182_2015-06-23_3m_NPL022_rnalater|AB0KO10|""|""|51.458433|2.350467|51.458433|2.354216667|3|2015-06-23|17:13:46+00|17:13:46+00|2015-06-23T17:13:46+00|2015-06-23T17:13:46+00|W08|North Sea|2350|NPL022_rnalater|During Lifewatch monitoring campaign we sampled for OSD as well.|""|Niskinbottle (6 * 4liters)|water sample from 3 meters depth|14.6505|35.0031|biome|00000428|environmental feature|00002297|environmental material|00010483|8.068|0.06|NaN|NaN|NaN|NaN|NaN|NaN|NaN|NaN|NaN|NaN|NaN|NaN|NaN|NaN|NaN|NaN|NaN|NaN|NaN|NaN|NaN|42071|BEL||||North Sea|0
181|OSD181_2015-06-24_3m_NPL022_rnalater|AB0KN54|""|""|51.58778333|3.010466667|51.58778333|3.010466667|3|2015-06-24|06:52:01+00|06:52:01+00|2015-06-24T06:52:01+00|2015-06-24T06:52:01+00|W07bis|North Sea|2350|NPL022_rnalater|During Lifewatch monitoring campaign we sampled for OSD as well. |""|Niskinbottle (6 * 4liters)|water sample from 3 meters depth |15.7404|33.7756|biome|00000428|environmental feature|00002297|environmental material|00010483|8.028|0.15|NaN|NaN|NaN|NaN|NaN|NaN|NaN|NaN|NaN|NaN|NaN|NaN|NaN|NaN|NaN|NaN|NaN|NaN|NaN|NaN|NaN|29580|BEL||||North Sea|0
180|OSD180_2015-06-23_3m_NPL022_rnalater|AB0KN80|""|""|51.3005|2.55595|51.3005|2.55595|3|2015-06-23|22:16:31+01|22:16:31+01|2015-06-23T21:16:31+00|2015-06-23T21:16:31+00|LW02|North Sea|2350|NPL022_rnalater|During Lifewatch monitoring campaign we sampled for OSD as well. |""|Niskinbottle (6 * 4liters)|water sample from 3 meters depth|14.2731|35.1217|biome|00000428|environmental feature|00002297|environmental material|00010483|8.041|0.05|NaN|NaN|NaN|NaN|NaN|NaN|NaN|NaN|NaN|NaN|NaN|NaN|NaN|NaN|NaN|NaN|NaN|NaN|NaN|NaN|NaN|19872|BEL||||North Sea|0
179|OSD179_2015-06-23_3m_NPL022_rnalater|AB0KN95|""|""|51.56975|2.254916667|51.56975|2.254916667|3|2015-06-23|18:24:51+00|18:24:51+00|2015-06-23T18:24:51+00|2015-06-23T18:24:51+00|LW01|North Sea|2350|NPL022_rnalater|During Lifewatch monitoring campaign we sampled for OSD as well.|""|Niskinbottle (6 * 4liters)|water sample from 3 meters depth|14.2858|35.1341|biome|00000428|environmental feature|00002297|environmental material|00010483|8.064|0.06|NaN|NaN|NaN|NaN|NaN|NaN|NaN|NaN|NaN|NaN|NaN|NaN|NaN|NaN|NaN|NaN|NaN|NaN|NaN|NaN|NaN|56119|BEL||||North Sea|0
178|OSD178_2015-06-24_3m_NPL022_rnalater|AB0KO01|""|""|51.580333|2.7897|51.580333|2.788833333|3|2015-06-24|01:06:01+00|01:06:01+00|2015-06-24T01:06:01+00|2015-06-24T01:06:01+00|435|North Sea|2350|NPL022_rnalater|During Lifewatch monitoring campaign we sampled for OSD as well.|""|Niskinbottle (6 * 4liters)|water sample from 3 meters depth |15.1984|34.6548|biome|00000428|environmental feature|00002297|environmental material|00010483|8.051|0.11|NaN|NaN|NaN|NaN|NaN|NaN|NaN|NaN|NaN|NaN|NaN|NaN|NaN|NaN|NaN|NaN|NaN|NaN|NaN|NaN|NaN|36626|BEL||||North Sea|0
177|OSD177_2015-06-23_3m_NPL022_rnalater|AB0KO44|""|""|51.18575|2.701667|51.18575|51.1841|3|2015-06-23|11:15:01+05|11:15:01+05|2015-06-23T06:15:01+00|2015-06-23T06:15:01+00|120|North Sea|2350|NPL022_rnalater|During Lifewatch monitoring campaign we sampled for OSD as well.|""|Niskinbottle (6 * 4liters)|water sample from 3 meters depth|16.5787|34.3786|biome|00000428|environmental feature|00002297|environmental material|00010483|8.038|0.07|NaN|NaN|NaN|NaN|NaN|NaN|NaN|NaN|NaN|NaN|NaN|NaN|NaN|NaN|NaN|NaN|NaN|NaN|NaN|NaN|NaN|3717|BEL||||North Sea|0
176|OSD176_2015-06-23_3m_NPL022_rnalater|""|""|""|51.2777|2.6135|51.2777|2.61175|3|2015-06-23|13:20:01+01|13:20:01+01|2015-06-23T12:20:01+00|2015-06-23T12:20:01+00|215|North Sea|2350|NPL022_rnalater|During Lifewatch monitoring campaign we sampled for OSD as well.|""|Niskinbottle (6 * 4liters)|water sample from 3 meters depth|16.4165|33.7367|biome|00000428|environmental feature|00002297|environmental material|00010483|8.075|0.1|NaN|NaN|NaN|NaN|NaN|NaN|NaN|NaN|NaN|NaN|NaN|NaN|NaN|NaN|NaN|NaN|NaN|NaN|NaN|NaN|NaN|15656|BEL||||North Sea|0
175|OSD175_2015-06-23_3m_NPL022_rnalater|AB0KO07|""|""|51.334817|2.50215|51.334817|2.498366667|3|2015-06-23|14:24:46+00|14:24:46+00|2015-06-23T14:24:46+00|2015-06-23T14:24:46+00|ZG02|North Sea|2350|NPL022_rnalater|During Lifewatch monitoring campaign we sampled for OSD as well.|""|Niskinbottle (6 * 4liters)|water sample from 3 meters depth|15.9796|34.1385|biome|00000428|environmental feature|00002297|environmental material|00010483|8.063|0.12|NaN|NaN|NaN|NaN|NaN|NaN|NaN|NaN|NaN|NaN|NaN|NaN|NaN|NaN|NaN|NaN|NaN|NaN|NaN|NaN|NaN|24962|BEL||||North Sea|0
174|OSD174_2015-06-24_3m_NPL022_rnalater|AB0KO11|""|""|51.471567|3.059167|51.471567|3.062233333|3|2015-06-24|04:24:21+01|04:24:21+01|2015-06-24T03:24:21+00|2015-06-24T03:24:21+00|780|North Sea|2350|NPL022_rnalater|During Lifewatch monitoring campaign we sampled for OSD as well. |""|Niskinbottle (6 * 4liters)|water sample from 3 meters depth |16.2371|32.6863|biome|00000428|environmental feature|00002297|environmental material|00010483|7.927|0.15|NaN|NaN|NaN|NaN|NaN|NaN|NaN|NaN|NaN|NaN|NaN|NaN|NaN|NaN|NaN|NaN|NaN|NaN|NaN|NaN|NaN|16700|BEL||||North Sea|0
173|OSD173_2015-06-24_3m_NPL022_rnalater|AB0KO13|""|""|51.441017|3.13995|51.441017|3.1404|3|2015-06-24|08:25:01+01|08:25:01+01|2015-06-24T07:25:01+00|2015-06-24T07:25:01+00|710|North Sea|2350|NPL022_rnalater|During Lifewatch monitoring campaign we sampled for OSD as well. |""|Niskinbottle (6 * 4liters)|water sample from 3 meters depth |16.5898|32.0427|biome|00000428|environmental feature|00002297|environmental material|00010483|7.921|0.18|NaN|NaN|NaN|NaN|NaN|NaN|NaN|NaN|NaN|NaN|NaN|NaN|NaN|NaN|NaN|NaN|NaN|NaN|NaN|NaN|NaN|10996|BEL||||North Sea|0
172|OSD172_2015-06-24_3m_NPL022_rnalater|AB0KN87|""|""|51.37601667|3.219083333|51.37601667|3.219083333|3|2015-06-24|09:19:16+01|09:19:16+01|2015-06-24T08:19:16+00|2015-06-24T08:19:16+00|700|North Sea|2350|NPL022_rnalater|During Lifewatch monitoring campaign we sampled for OSD as well. |""|Niskinbottle (6 * 4liters)|water sample from 3 meters depth |16.5281|31.3956|biome|00000428|environmental feature|00002297|environmental material|00010483|7.927|0.22|NaN|NaN|NaN|NaN|NaN|NaN|NaN|NaN|NaN|NaN|NaN|NaN|NaN|NaN|NaN|NaN|NaN|NaN|NaN|NaN|NaN|3178|BEL||||North Sea|0
171|OSD171_2015-06-23_3m_NPL022_rnalater|AB0KN82|""|""|51.307333|2.849333|51.307333|2.84925|3|2015-06-23|09:53:16+01|09:53:16+01|2015-06-23T08:53:16+00|2015-06-23T08:53:16+00|230|North Sea|2350|NPL022_rnalater|During Lifewatch monitoring campaign we sampled for OSD as well.|""|Niskinbottle (6 * 4liters)|water sample from 3 meters depth|16.512|33.5489|biome|00000428|environmental feature|00002297|environmental material|00010483|8.016|0.1|NaN|NaN|NaN|NaN|NaN|NaN|NaN|NaN|NaN|NaN|NaN|NaN|NaN|NaN|NaN|NaN|NaN|NaN|NaN|NaN|NaN|9015|BEL||||North Sea|0
170|OSD170_2015-06-23_3m_NPL022|AB0KO18|""|""|51.269517|2.9047|51.269517|2.906111111111111|3|2015-06-23|08:50:00+00|09:50:00+00|2015-06-23T08:50:00+00|2015-06-23T09:50:00+00|130|North Sea|2350|NPL022|During Lifewatch monitoring campaign we sampled for OSD as well. |""|Niskinbottle (6 * 4liters)|water sample from 3 meters depth|16.7519|33.0829|biome|00000428|environmental feature|00002297|environmental material|00010483|7.991|0.24|NaN|NaN|NaN|NaN|NaN|NaN|NaN|NaN|NaN|NaN|NaN|NaN|NaN|NaN|NaN|NaN|NaN|NaN|NaN|NaN|NaN|3489|BEL||||North Sea|0
169|OSD169_2015-06-21_0.1m_NPL022|AB0KO28|""|""|51.796139|1.012958|51.796139|1.012958|0.1|2015-06-21|00:04:00+00|00:48:00+00|2015-06-21T00:04:00+00|2015-06-21T00:48:00+00|Brightlingsea Reach, Essex|North Sea|2350|NPL022|Sampling surface water at Buoy 13 (Brightlingsea Beach)|""|bucket|overcast with sunny intervals. Wind speed: 10-12 knots.|18.6|NaN|marine biome|00000447|surface water|00002042|environmental material|00010483|NaN|NaN|NaN|NaN|NaN|NaN|NaN|NaN|NaN|NaN|NaN|NaN|NaN|NaN|NaN|NaN|NaN|NaN|NaN|NaN|NaN|NaN|NaN|480|GBR||||North Sea|0
168|OSD168_2015-06-22_0m_NPL022_rnalater|AB0KN79|""|""|38.413278|27.034128|38.413278|27.034128|0|2015-06-22|10:15:00+02|10:30:00+02|2015-06-22T08:15:00+00|2015-06-22T08:30:00+00|IMST_izmir|Aegean Sea|3315|NPL022_rnalater|environmental and planktonic investigation of Izmir bay (Aegean Sea) in the scope of OSD|""|Nansen Bottle|Clear sunny day. Ocean color was close to green, turbid water.On board sampling in the port.|25.4606|36.9473|marine biome|00000447|surface water|00002042|environmental material|00010483|8.27|4.5615|NaN|NaN|NaN|NaN|NaN|NaN|NaN|NaN|NaN|NaN|NaN|NaN|NaN|NaN|NaN|NaN|NaN|NaN|NaN|NaN|NaN|0|TUR||||Mediterranean Sea|0
166|OSD166_2015-06-21_1m_NPL022_rnalater|AB0KN90|""|""|43.2655|2.89966|43.26577|2.90056|1|2015-06-21|10:00:00+01|10:10:00+01|2015-06-21T09:00:00+00|2015-06-21T09:10:00+00|Armintza|Mediterranean Sea - Western Basin|4279|NPL022_rnalater|Characterization of the microbial metagenome in Armintza|""|5 L bucket|Water was clear during sampling, depth to the bottom 30 to 32 m. Around 100 litters of water were collected. It was a sunny day.|19.42|34.41|biome|00000428|environmental feature|00002297|environmental material|00010483|7.96|NaN|NaN|NaN|NaN|NaN|NaN|NaN|NaN|NaN|NaN|NaN|NaN|NaN|NaN|NaN|NaN|NaN|NaN|NaN|NaN|NaN|NaN|0|FRA||||Mediterranean Sea|21135
165|OSD165_2015-06-22_0m_NPL022|AB0KO41|""|""|57.8498|5.6495|57.8498|5.6495|0|2015-06-22|11:30:00+00|11:50:00+00|2015-06-22T11:30:00+00|2015-06-22T11:50:00+00|Loch Ewe|North Sea|2350|NPL022|""|""|Bucket|""|NaN|NaN|marine biome|00000447|surface water|00002042|environmental material|00010483|NaN|NaN|NaN|NaN|NaN|NaN|NaN|NaN|NaN|NaN|NaN|NaN|NaN|NaN|NaN|NaN|NaN|NaN|NaN|NaN|NaN|NaN|NaN|61267|NOR||||North Sea|0
164|OSD164_2015-06-22_0m_NPL022|AB0KO55|""|""|60.1351|1.284|60.1351|1.284|0|2015-06-22|00:02:00+00|00:22:00+00|2015-06-22T00:02:00+00|2015-06-22T00:22:00+00|Scalloway|North Sea|2350|NPL022|""|""|Bucket|""|NaN|NaN|marine biome|00000447|surface water|00002042|environmental material|00010483|NaN|NaN|NaN|NaN|NaN|NaN|NaN|NaN|NaN|NaN|NaN|NaN|NaN|NaN|NaN|NaN|NaN|NaN|NaN|NaN|NaN|NaN|NaN|117607|GBR||||North Sea|0
163|OSD163_2015-06-24_1m_NPL022|AB0KN57|""|""|58.957|2.9726|58.957|2.9726|1|2015-06-24|11:00:00+00|11:30:00+00|2015-06-24T11:00:00+00|2015-06-24T11:30:00+00|Scapa|North Sea|2350|NPL022|""|""|1L sampling bottle with stopper|""|NaN|NaN|marine biome|00000447|surface water|00002042|environmental material|00010483|NaN|NaN|NaN|NaN|NaN|NaN|NaN|NaN|NaN|NaN|NaN|NaN|NaN|NaN|NaN|NaN|NaN|NaN|NaN|NaN|NaN|NaN|NaN|114813|NOR||||North Sea|0
159|OSD159_2015-06-22_5m_NPL022_rnalater|AB0KO54|""|""|48.3588|-4.5502|48.3588|-4.5502|5|2015-06-22|11:00:00+01|11:30:00+01|2015-06-22T10:00:00+00|2015-06-22T10:30:00+00|Brest-SOMLIT|Celtic Sea|2351|NPL022_rnalater|Prokaryotes diversity|""|8 liters Single Niskin Bottle|TEST |15.2|35.35|coastal sea water|00002150|environmental feature|00002297|environmental material|00010483|NaN|NaN|NaN|NaN|NaN|NaN|NaN|NaN|NaN|NaN|NaN|NaN|NaN|NaN|NaN|NaN|NaN|NaN|NaN|NaN|NaN|NaN|NaN|403|FRA||||Celtic-Biscay Shelf|0
157|OSD157_2015-06-19_0m_NPL022|AB0KO24|""|""|59.8436|-10.7455|59.8436|-10.7455|0|2015-06-19|07:30:00-01|11:30:00-01|2015-06-19T08:30:00+00|2015-06-19T12:30:00+00|Drøbak, Oslofjorden (ELLEIm2)|North Atlantic Ocean|1912|NPL022|""|""|4 x 5L and 4 x 1.2L Niskin bottle|""|13.94|21.62|biome|00000428|environmental feature|00002297|environmental material|00010483|NaN|NaN|NaN|NaN|NaN|NaN|NaN|NaN|NaN|NaN|NaN|NaN|NaN|NaN|NaN|NaN|NaN|NaN|NaN|NaN|NaN|NaN|NaN|250136|GBR||||Faroe Plateau|16860
153|OSD153_2015-06-21_0m_NPL022|AB0KO31|""|""|36.997655|-7.981656|36.997655|-7.973119|0|2015-06-21|10:14:00+01|10:35:00+01|2015-06-21T09:14:00+00|2015-06-21T09:35:00+00|Faro Island|North Atlantic Ocean|1912|NPL022|OSD Summer Solstice 2015|""|5L Plastic water gallons, disinfected|""|22.3|35.4|biome|00000428|environmental feature|00002297|environmental material|00010483|NaN|NaN|NaN|NaN|NaN|NaN|NaN|NaN|NaN|NaN|NaN|NaN|NaN|NaN|NaN|NaN|NaN|NaN|NaN|NaN|NaN|NaN|NaN|0|PRT||||Iberian Coastal|0
152|OSD152_2015-06-22_10m_NPL022_rnalater|AB0KO43|""|""|44.6936|-63.6403|44.6936|-63.6403|10|2015-06-22|12:30:00-04|12:35:00-04|2015-06-22T16:30:00+00|2015-06-22T16:35:00+00|Compass Buoy Station - Bedford Basin|North Atlantic Ocean|1912|NPL022_rnalater|OSD2015/Bedford Basin Monitoring Program (long term time series sample site)|""|10L single Niskin bottle|10L water sampled at 10m depth|5.75|30.2|biome|00000428|environmental feature|00002297|environmental material|00010483|7.821|NaN|NaN|NaN|NaN|NaN|NaN|NaN|NaN|NaN|NaN|NaN|NaN|NaN|NaN|NaN|NaN|NaN|NaN|NaN|NaN|NaN|NaN|0|CAN||||Scotian Shelf|0
152|OSD152_2015-06-22_5m_NPL022_rnalater|AB0KO35|""|""|44.6936|-63.6403|44.6936|-63.6403|5|2015-06-22|12:15:00-04|12:20:00-04|2015-06-22T16:15:00+00|2015-06-22T16:20:00+00|Compass Buoy Station - Bedford Basin|North Atlantic Ocean|1912|NPL022_rnalater|OSD2015/Bedford Basin Monitoring Program (long term time series sample site)|""|10L single Niskin bottle|10L water sampled at 5m depth|10.2|29|biome|00000428|environmental feature|00002297|environmental material|00010483|7.98|NaN|NaN|NaN|NaN|NaN|NaN|NaN|NaN|NaN|NaN|NaN|NaN|NaN|NaN|NaN|NaN|NaN|NaN|NaN|NaN|NaN|NaN|0|CAN||||Scotian Shelf|0
152|OSD152_2015-06-22_1m_NPL022_rnalater|AB0KO53|""|""|44.6936|-63.6403|44.6936|-63.6403|1|2015-06-22|11:55:00-04|12:00:00-04|2015-06-22T15:55:00+00|2015-06-22T16:00:00+00|Compass Buoy Station - Bedford Basin|North Atlantic Ocean|1912|NPL022_rnalater|OSD2015/Bedford Basin Monitoring Program (long term time series sample site)|""|10L single Niskin bottle|10L water sampled at 1m|10.8|28.8|biome|00000428|environmental feature|00002297|environmental material|00010483|7.98|NaN|NaN|NaN|NaN|NaN|NaN|NaN|NaN|NaN|NaN|NaN|NaN|NaN|NaN|NaN|NaN|NaN|NaN|NaN|NaN|NaN|NaN|0|CAN||||Scotian Shelf|0
148|OSD148_2015-06-21_0m_NPL022_rnalater|AB0KO42|""|""|53.580926|8.148636|53.580926|8.1560|0|2015-06-21|14:51:00+01|15:52:00+01|2015-06-21T13:51:00+00|2015-06-21T14:52:00+00|Wadden Sea|North Sea|2350|NPL022_rnalater|Joint Citclops bio-optical and OSD measurements|""|Hydro-Bios water sampler|Filtration by hand with syringe|15.89|30.46|biome|00000428|environmental feature|00002297|environmental material|00010483|7.94|NaN|NaN|NaN|NaN|NaN|NaN|NaN|NaN|NaN|NaN|NaN|NaN|NaN|NaN|NaN|NaN|NaN|NaN|NaN|NaN|NaN|NaN|254|DEU||||North Sea|0
147|OSD147_2015-06-21_0m_NPL022|AB0KN76|""|""|8.873739|81.077344|8.873739|81.077344|0|2015-06-21|11:15:00-05|11:35:00-05|2015-06-21T16:15:00+00|2015-06-21T16:35:00+00|Rajarata|Bay of Bengal|4273|NPL022|To understand the ocean water biodiversity in terms of chemically and microbiologically to explore the possibility to contribute to the blue economy through the identification of novel, ocean-derived biotechnologies|""|Multiparameter used to measure Conductivity, CO, pH and temperature. Refractometer used to measure salinity.|""|29.1|33.5|biome|00000428|environmental feature|00002297|environmental material|00010483|NaN|NaN|NaN|NaN|NaN|NaN|NaN|NaN|NaN|NaN|NaN|NaN|NaN|NaN|NaN|NaN|NaN|NaN|NaN|NaN|NaN|NaN|NaN|1103|LKA||||Bay of Bengal|0
143|OSD143_2015-06-21_1m_NPL022|AB0KO62|""|""|31.98282|-81.01667|31.98282|-81.01|1|2015-06-21|13:00:00+08|13:30:00+08|2015-06-21T05:00:00+00|2015-06-21T05:30:00+00|Skidaway Institute of Oceanography|North Atlantic Ocean|1912|NPL022|""|""|""|""|31.82|30.05|biome|00000428|environmental feature|00002297|environmental material|00010483|NaN|NaN|NaN|NaN|NaN|NaN|NaN|NaN|NaN|NaN|NaN|NaN|NaN|NaN|NaN|NaN|NaN|NaN|NaN|NaN|NaN|NaN|NaN|0|USA||||Southeast U.S. Continental Shelf|6429
142|OSD142_2015-06-21_1m_NPL022|AB0KO02|""|""|31.383607|-80.866685|31.383607|-80.868|1|2015-06-21|00:00:00+08|13:30:00+08|2015-06-21T16:00:00+00|2015-06-21T05:30:00+00|Gray’s Reef National Marine Sanctuary|North Atlantic Ocean|1912|NPL022|""|""|5K Single Niskin bottle|""|28.12|35.08|biome|00000428|environmental feature|00002297|environmental material|00010483|NaN|NaN|NaN|NaN|NaN|NaN|NaN|NaN|NaN|NaN|NaN|NaN|NaN|NaN|NaN|NaN|NaN|NaN|NaN|NaN|NaN|NaN|NaN|32673|USA||||Southeast U.S. Continental Shelf|0
141|OSD141_2015-06-22_5m_NPL022|AB0KN70|""|""|60.16121|5.11504|60.16121|5.2|5|2015-06-22|09:30:00+00|09:40:00+00|2015-06-22T09:30:00+00|2015-06-22T09:40:00+00|Raunefjorden|North Sea|2350|NPL022|""|""|CTD, direct pumping from 5m|""|10.7|30.12|biome|00000428|environmental feature|00002297|environmental material|00010483|NaN|NaN|NaN|NaN|NaN|NaN|NaN|NaN|NaN|NaN|NaN|NaN|NaN|NaN|NaN|NaN|NaN|NaN|NaN|NaN|NaN|NaN|NaN|1557|NOR||||North Sea|0
140|OSD140_2015-06-21_7m_NPL022|AB0KN68|""|""|37.013263|-9.050933|37.013263|-9.050933|7|2015-06-21|06:00:00+00|18:30:00+00|2015-06-21T06:00:00+00|2015-06-21T18:30:00+00|Bizerte lagoon STL|North Atlantic Ocean|1912|NPL022|""|""|""|""|28|37|biome|00000428|environmental feature|00002297|environmental material|00010483|7.5|0.262|NaN|NaN|NaN|NaN|NaN|NaN|NaN|NaN|NaN|NaN|NaN|NaN|NaN|NaN|NaN|NaN|NaN|NaN|NaN|NaN|NaN|5217|PRT||||Iberian Coastal|0
133|OSD133_2015-06-21_0m_NPL022|AB0KN50|""|""|-33.897069|18.386825|-33.897069|18.39872|0|2015-06-21|09:30:00-01|14:30:00-01|2015-06-21T10:30:00+00|2015-06-21T15:30:00+00|Robben Island|South Atlantic Ocean|1914|NPL022|""|""|10L Single Niskin Bottle|""|14|NaN|biome|00000428|environmental feature|00002297|environmental material|00010483|NaN|NaN|NaN|NaN|NaN|NaN|NaN|NaN|NaN|NaN|NaN|NaN|NaN|NaN|NaN|NaN|NaN|NaN|NaN|NaN|NaN|NaN|NaN|312|ZAF||||Benguela Current|0
133|OSD133_2015-06-21_1m_NPL022_rnalater|""|""|""|33.802897|18.39872|33.802897|18.39872|1|2015-06-21|09:30:00+01|14:30:00+01|2015-06-21T08:30:00+00|2015-06-21T13:30:00+00|Robben Island|Mediterranean Sea - Eastern Basin|4280|NPL022_rnalater|collect bacteria samples|""|2.5 litre niskin bottle|Lowered Niskin to -1m depth and took CTD casts at the site by hand|13.3881|34.8896|biome|00000428|environmental feature|00002297|environmental material|00010483|NaN|NaN|NaN|NaN|NaN|NaN|NaN|NaN|NaN|NaN|NaN|NaN|NaN|NaN|NaN|NaN|NaN|NaN|NaN|NaN|NaN|NaN|NaN|238451|LBY||||Mediterranean Sea|0
132|OSD132_2015-06-21_0.5m_NPL022|AB0KN59|""|""|32.0694|34.843|32.0694|34.8886|0.5|2015-06-21|09:30:00-02|09:50:00-02|2015-06-21T11:30:00+00|2015-06-21T11:50:00+00|Sdot YAM|Mediterranean Sea - Eastern Basin|4280|NPL022|""|""|""|""|27.2|39.06|biome|00000428|surface water|00002042|environmental material|00010483|NaN|NaN|NaN|NaN|NaN|NaN|NaN|NaN|NaN|NaN|NaN|NaN|NaN|NaN|NaN|NaN|NaN|NaN|NaN|NaN|NaN|NaN|NaN|0|ISR||||Mediterranean Sea|7736
131|OSD131_2015-06-21_0m_NPL022_rnalater|""|""|""|42.413806|27.669000|42.413806|27.669000|0|2015-06-21|09:38:00+02|10:27:00+02|2015-06-21T07:38:00+00|2015-06-21T08:27:00+00|Sozopol bay (Zlatana ribka)|Black Sea|3319|NPL022_rnalater|Unique Black sea bacterial inhabitants (refer to salinity of 18 ppm)|""|7 l bucket|surface water 0-1 m |22.8|17|biome|00000428|environmental feature|00002297|environmental material|00010483|8|0.0023|NaN|NaN|NaN|NaN|NaN|NaN|NaN|NaN|NaN|NaN|NaN|NaN|NaN|NaN|NaN|NaN|NaN|NaN|NaN|NaN|NaN|0|BGR||||Black Sea|0
124|OSD124_2015-06-21_5m_NPL022|AB0KN43|""|""|34.32444|135.12083|34.32444|135.12083|5|2015-06-21|00:20:00-09|13:08:00-09|2015-06-21T09:20:00+00|2015-06-21T22:08:00+00|Osaka Bay|Inland Sea|4306|NPL022|Marine biome and virome|""|""|""|20.88|32.85|marine biome|00000447|surface water|00002042|environmental material|00010483|NaN|NaN|NaN|NaN|NaN|NaN|NaN|NaN|NaN|NaN|NaN|NaN|NaN|NaN|NaN|NaN|NaN|NaN|NaN|NaN|NaN|NaN|NaN|422|JPN||||Kuroshio Current|0
123|OSD123_2015-06-21_2m_NPL022|""|""|""|32.82567|32.95667|32.82567|32.95667|2|2015-06-21|10:00:00-02|11:30:00-02|2015-06-21T12:00:00+00|2015-06-21T13:30:00+00|Shikmona|Mediterranean Sea - Eastern Basin|4280|NPL022|OSD Tel-Shikmona, Haifa|""|""|""|27.5|39.3|marine biome|00000447|surface water|00002042|environmental material|00010483|NaN|NaN|NaN|NaN|NaN|NaN|NaN|NaN|NaN|NaN|NaN|NaN|NaN|NaN|NaN|NaN|NaN|NaN|NaN|NaN|NaN|NaN|NaN|173783|EGY||||Mediterranean Sea|0
121|OSD121_2015-06-21_0m_NPL022_rnalater|AB0KN61|""|""|20.8590|-90.4022|20.8590|-90.4022|0|2015-06-21|12:03:00-06|12:20:00-06|2015-06-21T18:03:00+00|2015-06-21T18:20:00+00|Celestun|Gulf of Mexico|4288|NPL022_rnalater|Scientific sampling of marine water to determine environmental parameters and microbial diversity of the Gulf of Mexico|""|20L Bottle Sample|Direct Sampling|29.14|36.8|biome|00000428|environmental feature|00002297|environmental material|00010483|8.3|0.03|NaN|NaN|NaN|NaN|NaN|NaN|NaN|NaN|NaN|NaN|NaN|NaN|NaN|NaN|NaN|NaN|NaN|NaN|NaN|NaN|NaN|908|MEX||||Gulf of Mexico|597
120|OSD120_2015-06-21_0m_NPL022_rnalater|AB0KN94|""|""|21.390636|-88.905375|21.390636|-88.905375|0|2015-06-21|10:01:00-06|10:30:00-06|2015-06-21T16:01:00+00|2015-06-21T16:30:00+00|Dzilam|Gulf of Mexico|4288|NPL022_rnalater|Scientific sampling of marine water to determine environmental parameters and microbial diversity of the Gulf of Mexico|""|20L Plastic Bottle|Direct Sampling|28.79|34.79|biome|00000428|environmental feature|00002297|environmental material|00010483|7.95|0.07|NaN|NaN|NaN|NaN|NaN|NaN|NaN|NaN|NaN|NaN|NaN|NaN|NaN|NaN|NaN|NaN|NaN|NaN|NaN|NaN|NaN|31|MEX||||Gulf of Mexico|1492
119|OSD119_2015-06-21_0m_NPL022_rnalater|AB0KN48|""|""|21.3742|-89.6712|21.3742|-89.6712|0|2015-06-21|10:40:00-06|10:46:00-06|2015-06-21T16:40:00+00|2015-06-21T16:46:00+00|Progreso|Gulf of Mexico|4288|NPL022_rnalater|Scientific sampling of marine water to determine environmental parameters and microbial diversity of the Gulf of Mexico|""|20L Plastic Bottle|Direct sampling |28.4|36|biome|00000428|environmental feature|00002297|environmental material|00010483|8.02|0.26|NaN|NaN|NaN|NaN|NaN|NaN|NaN|NaN|NaN|NaN|NaN|NaN|NaN|NaN|NaN|NaN|NaN|NaN|NaN|NaN|NaN|9256|MEX||||Gulf of Mexico|0
116|OSD116_2015-06-21_0m_NPL022|AB0KO12|""|""|39.415067|-9.218828|39.415067|-9.219877777777779|0|2015-06-21|08:20:00+01|08:30:00+01|2015-06-21T07:20:00+00|2015-06-21T07:30:00+00|Lagoa de Óbidos|North Atlantic Ocean|1912|NPL022|OSD2015 sampling campaign|""|Acid washed recipient|""|18.9|24|biome|00000428|environmental feature|00002297|environmental material|00010483|NaN|NaN|NaN|NaN|NaN|NaN|NaN|NaN|NaN|NaN|NaN|NaN|NaN|NaN|NaN|NaN|NaN|NaN|NaN|NaN|NaN|NaN|NaN|613|PRT||||Iberian Coastal|0
115|OSD115_2015-06-21_0m_NPL022|AB0KN65|""|""|39.134347|-9.384778|39.134347|-9.380261111111112|0|2015-06-21|07:20:00+01|07:30:00+01|2015-06-21T06:20:00+00|2015-06-21T06:30:00+00|Santa Cruz|North Atlantic Ocean|1912|NPL022|OSD2015 sampling campaign|""|Acid washed recipient|""|18.9|35|biome|00000428|environmental feature|00002297|environmental material|00010483|NaN|NaN|NaN|NaN|NaN|NaN|NaN|NaN|NaN|NaN|NaN|NaN|NaN|NaN|NaN|NaN|NaN|NaN|NaN|NaN|NaN|NaN|NaN|309|PRT||||Iberian Coastal|357
113|OSD113_2015-06-20_38.8m_NPL022_rnalater|AB0KN88|""|""|38.66549916|9.43671626|38.66549916|9.43671626|38.8|2015-06-20|15:15:00+01|16:15:00+01|2015-06-20T14:15:00+00|2015-06-20T15:15:00+00|CascaisWatch|Mediterranean Sea - Western Basin|4279|NPL022_rnalater|"Water sampling for the ""Ocean Sampling Day 2014"" and phyto-/zooplankton sampling for the monitoring station of the time-series CASCAIS-WATCH, the oceanographic observation programme of the Oceanography and Plankton Group of IPMA"|""|Sterilized 8L-Niskin bottle, Castaway CTD (by SonTek)|Ocean Water Sample|17.18|34.76|biome|00000428|environmental feature|00002297|environmental material|00010483|NaN|NaN|NaN|NaN|NaN|NaN|NaN|NaN|NaN|NaN|NaN|NaN|NaN|NaN|NaN|NaN|NaN|NaN|NaN|NaN|NaN|NaN|NaN|49222|ITA||||Mediterranean Sea|0
111|OSD111_2015-06-21_0m_NPL022|AB0KO16|""|""|40.659875|-8.703761|40.659875|-8.75235|0|2015-06-21|00:00:00+01|00:15:00+01|2015-06-21T23:00:00+00|2015-06-21T23:15:00+00|Ria de Aveiro_1|North Atlantic Ocean|1912|NPL022|OSD2015 sampling campaign|""|Acid washed recipient|""|25.8|35|biome|00000428|environmental feature|00002297|environmental material|00010483|NaN|NaN|NaN|NaN|NaN|NaN|NaN|NaN|NaN|NaN|NaN|NaN|NaN|NaN|NaN|NaN|NaN|NaN|NaN|NaN|NaN|NaN|NaN|238|PRT||||Iberian Coastal|0
110|OSD110_2015-06-21_0m_NPL022|AB0KO29|""|""|40.145122|-8.869328|40.145122|-8.868097222222223|0|2015-06-21|16:55:00+01|17:05:00+01|2015-06-21T15:55:00+00|2015-06-21T16:05:00+00|Figueira da Foz|North Atlantic Ocean|1912|NPL022|OSD2014 sampling campaign|""|acid washed recipient|""|21.9|30|biome|00000428|environmental feature|00002297|environmental material|00010483|NaN|NaN|NaN|NaN|NaN|NaN|NaN|NaN|NaN|NaN|NaN|NaN|NaN|NaN|NaN|NaN|NaN|NaN|NaN|NaN|NaN|NaN|NaN|618|PRT||||Iberian Coastal|0
109|OSD109_2015-06-21_0m_NPL022|AB0KO63|""|""|38.676942|-9.012392|38.676942|-9.012144444444445|0|2015-06-21|10:00:00+01|10:08:00+01|2015-06-21T09:00:00+00|2015-06-21T09:08:00+00|Rosário|North Atlantic Ocean|1912|NPL022|OSD2015 sampling campaign|""|Acid washed recipient|""|23.5|28|biome|00000428|environmental feature|00002297|environmental material|00010483|NaN|NaN|NaN|NaN|NaN|NaN|NaN|NaN|NaN|NaN|NaN|NaN|NaN|NaN|NaN|NaN|NaN|NaN|NaN|NaN|NaN|NaN|NaN|33|PRT||||Iberian Coastal|0
108|OSD108_2015-06-21_0m_NPL022|AB0KN91|""|""|38.757283|-8.966333|38.757283|-8.965030555555554|0|2015-06-21|10:50:00+01|10:58:00+01|2015-06-21T09:50:00+00|2015-06-21T09:58:00+00|Alcochete|North Atlantic Ocean|1912|NPL022|OSD2015 Sampling campaign|""|Acid washed recipient|""|24.8|31|biome|00000428|environmental feature|00002297|environmental material|00010483|NaN|NaN|NaN|NaN|NaN|NaN|NaN|NaN|NaN|NaN|NaN|NaN|NaN|NaN|NaN|NaN|NaN|NaN|NaN|NaN|NaN|NaN|NaN|508|PRT||||Iberian Coastal|0
107|OSD107_2015-06-21_0m_NPL022|AB0KN74|""|""|39.14039|-9.38011|39.14039|-9.380116666666668|0|2015-06-21|11:35:00+01|11:48:00+01|2015-06-21T10:35:00+00|2015-06-21T10:48:00+00|Lisboa|North Atlantic Ocean|1912|NPL022|OSD2014 sampling campaign|""|Acid washed recipient|""|25.3|30|biome|00000428|environmental feature|00002297|environmental material|00010483|NaN|NaN|NaN|NaN|NaN|NaN|NaN|NaN|NaN|NaN|NaN|NaN|NaN|NaN|NaN|NaN|NaN|NaN|NaN|NaN|NaN|NaN|NaN|243|PRT||||Iberian Coastal|193
106|OSD106_2015-06-21_0m_NPL022|AB0KO37|""|""|65.9449|-22.4192|65.9449|-22.70888888888889|0|2015-06-21|14:30:00+01|14:40:00+01|2015-06-21T13:30:00+00|2015-06-21T13:40:00+00|REYKIS|North Atlantic Ocean|1912|NPL022|""|""|Sterile water bottles|""|11|31.4|biome|00000428|environmental feature|00002297|environmental material|00010483|8.02|NaN|NaN|NaN|NaN|NaN|NaN|NaN|NaN|NaN|NaN|NaN|NaN|NaN|NaN|NaN|NaN|NaN|NaN|NaN|NaN|NaN|NaN|1080|ISL||||Iceland Shelf and Sea|0
103|OSD103_2015-06-21_0m_NPL022|AB0KO52|""|""|32.7747|-16.828664|32.7747|-16.82866388888889|0|2015-06-21|09:50:00+01|10:00:00+01|2015-06-21T08:50:00+00|2015-06-21T09:00:00+00|Porto da Cruz|North Atlantic Ocean|1912|NPL022|OSD2015 sampling campaign|""|acid washed recipient|""|21.1|36|biome|00000428|environmental feature|00002297|environmental material|00010483|NaN|NaN|NaN|NaN|NaN|NaN|NaN|NaN|NaN|NaN|NaN|NaN|NaN|NaN|NaN|NaN|NaN|NaN|NaN|NaN|NaN|NaN|NaN|0||||||
102|OSD102_2015-06-21_0m_NPL022|AB0KO50|""|""|32.64605|-16.910158|32.64605|-16.91015833333333|0|2015-06-21|00:00:00+01|00:10:00+01|2015-06-21T23:00:00+00|2015-06-21T23:10:00+00|Marina do Funchal|North Atlantic Ocean|1912|NPL022|OSD15 Sampling Campaign|""|Acid Washed recipient|""|22.4|36|biome|00000428|environmental feature|00002297|environmental material|00010483|NaN|NaN|NaN|NaN|NaN|NaN|NaN|NaN|NaN|NaN|NaN|NaN|NaN|NaN|NaN|NaN|NaN|NaN|NaN|NaN|NaN|NaN|NaN|0||||||
101|OSD101_2015-06-21_0m_NPL022|AB0KO03|""|""|32.741808|-16.711281|32.741808|-16.9134521484375|0|2015-06-21|10:30:00+01|10:45:00+01|2015-06-21T09:30:00+00|2015-06-21T09:45:00+00|Quinta do Lorde|North Atlantic Ocean|1912|NPL022|OSD15 sampling campaign|""|Acid washed recipient|""|20.6|36|biome|00000428|environmental feature|00002297|environmental material|00010483|NaN|NaN|NaN|NaN|NaN|NaN|NaN|NaN|NaN|NaN|NaN|NaN|NaN|NaN|NaN|NaN|NaN|NaN|NaN|NaN|NaN|NaN|NaN|0||||||
100|OSD100_2015-06-22_20m_NPL022|AB0KO14|""|""|35.35|-25.290000000000003|35.35|-25.290000000000003|20|2015-06-22|09:00:00-02|17:00:00-02|2015-06-22T11:00:00+00|2015-06-22T19:00:00+00|Crete - GOS|North Atlantic Ocean|1912|NPL022|Ocean Sampling Day|""|5L Niskin bottle, CTD|""|23.98|39.15|biome|00000428|environmental feature|00002297|environmental material|00010483|NaN|NaN|NaN|NaN|NaN|NaN|NaN|NaN|NaN|NaN|NaN|NaN|NaN|NaN|NaN|NaN|NaN|NaN|NaN|NaN|NaN|NaN|NaN|176029|PRT|||||
100|OSD100_2015-06-22_1m_NPL022|AB0KO51|""|""|35.35|25.29|35.35|25.290000000000003|1|2015-06-22|09:00:00-02|17:00:00-02|2015-06-22T11:00:00+00|2015-06-22T19:00:00+00|Crete - GOS|Aegean Sea|3315|NPL022|Ocean Sampling Day|""|5L Niskin Bottle, CTD|""|24.55|39.14|biome|00000428|environmental feature|00002297|environmental material|00010483|NaN|NaN|NaN|NaN|NaN|NaN|NaN|NaN|NaN|NaN|NaN|NaN|NaN|NaN|NaN|NaN|NaN|NaN|NaN|NaN|NaN|NaN|NaN|1498|GRC||||Mediterranean Sea|0
99|OSD99_2015-06-22_1m_NPL022_rnalater|AB0KO38|""|""|45.700920000000004|13.71003|45.700920000000004|13.711827|1|2015-06-22|09:45:00+01|13:55:00+01|2015-06-22T08:45:00+00|2015-06-22T12:55:00+00|C1|Adriatic Sea|3314|NPL022_rnalater|To get insight into the prokaryptic community at the LTER-sampling site C1, N Adriatic Sea, Italy|""|5 L Niskin|20 Liters of seawater were collected and stored in a 20 L acid washed PC carboy, kept in the dark on board OSD99_06_15 NORTH ADRIATIC NPL022_1_1m  OSD99_06_15 NORTH ADRIATIC NPL022_2_1m  OSD99_06_15 NORTH ADRIATIC NPL022_3_1m  OSD99_06_15 NORTH ADRIATIC NPL022_4_1m  OSD99_06_15 NORTH ADRIATIC NPL022_5_1m |21.83|36.1|biome|00000428|environmental feature|00002297|environmental material|00010483|8.05|0.03|NaN|NaN|NaN|NaN|NaN|NaN|NaN|NaN|NaN|NaN|NaN|NaN|NaN|NaN|NaN|NaN|NaN|NaN|NaN|NaN|NaN|360|ITA||||Mediterranean Sea|0
95|OSD95_2015-06-21_0m_NPL022|AB0KO17|""|""|1.2685|103.9168|1.26583|103.92037|0|2015-06-21|00:10:00-07|00:40:00-07|2015-06-21T07:10:00+00|2015-06-21T07:40:00+00|Singapore Indigo_V|Singapore Strait|4336|NPL022|""|""|""|""|31|31|marine biome|00000447|surface water|00002042|environmental material|00010483|NaN|NaN|NaN|NaN|NaN|NaN|NaN|NaN|NaN|NaN|NaN|NaN|NaN|NaN|NaN|NaN|NaN|NaN|NaN|NaN|NaN|NaN|NaN|3040|SGP||||South China Sea|0
94|OSD94_2015-06-06_0m_NPL022_rnalater|AB0KO21|""|""|35.086353|-2.214658|35.086353|-2.214658|0|2015-06-06|||||Saidia Marina|Alboran Sea|3324|NPL022_rnalater|For sequencing and biodiversity analysis|""|bottle 10L|test|24.5|32.8|biome|00000428|environmental feature|00002297|environmental material|00010483|8.07|0.17|NaN|NaN|NaN|NaN|NaN|NaN|NaN|NaN|NaN|NaN|NaN|NaN|NaN|NaN|NaN|NaN|NaN|NaN|NaN|NaN|NaN|0|MAR||||Mediterranean Sea|0
93|OSD93_2015-06-06_0m_NPL022_rnalater|AB0KO00|""|""|33.259611|-8.499222|33.259611|-8.499222|0|2015-06-06|||||Eljadida|North Atlantic Ocean|1912|NPL022_rnalater|For sequencing and biodiversity analysis|""|bottle 10L|test|28.4|33.59|biome|00000428|environmental feature|00002297|environmental material|00010483|8.4|3.09|NaN|NaN|NaN|NaN|NaN|NaN|NaN|NaN|NaN|NaN|NaN|NaN|NaN|NaN|NaN|NaN|NaN|NaN|NaN|NaN|NaN|49|MAR||||Canary Current|0
92|OSD92_2015-06-06_0m_NPL022_rnalater|AB0KO05|""|""|33.583917|-7.700639|33.583917|-7.700639|0|2015-06-06|||||Casablanca|North Atlantic Ocean|1912|NPL022_rnalater|For sequencing and biodiversity analysis|""|bottle 10L|test|28.1|33.8|biome|00000428|environmental feature|00002297|environmental material|00010483|8.34|0.61|NaN|NaN|NaN|NaN|NaN|NaN|NaN|NaN|NaN|NaN|NaN|NaN|NaN|NaN|NaN|NaN|NaN|NaN|NaN|NaN|NaN|0|MAR||||Canary Current|0
91|OSD91_2015-07-06_0m_NPL022_rnalater|AB0KO25|""|""|32.74675|-9.036667|32.74675|-9.036667|0|2015-07-06|||||Oualidiya|North Atlantic Ocean|1912|NPL022_rnalater|For sequencing and biodiversity analysis|""|bottle 10L|test|28.1|29.41|biome|00000428|environmental feature|00002297|environmental material|00010483|8.16|NaN|NaN|NaN|NaN|NaN|NaN|NaN|NaN|NaN|NaN|NaN|NaN|NaN|NaN|NaN|NaN|NaN|NaN|NaN|NaN|NaN|NaN|0|MAR||||Canary Current|328
88|OSD88_2015-06-22_1m_NPL022_rnalater|""|""|""|46.0842|-1.3083|46.0842|-1.3083|1|2015-06-22|06:45:00+01|07:35:00+01|2015-06-22T05:45:00+00|2015-06-22T06:35:00+00|La Rochelle|Bay of Biscay|2359|NPL022_rnalater|SOMLIT Network is a long term monitoring of the physico-chemical parameters of the Frenc coastal environment|""|12L-Niskin bottles|The total depth of water column was 40m. Five filters were sended (filter 1, 2, 3, 4, 6) numbered in this data deposit from 1 to 5. I keep the filter number 5 in my lab for reserve.|16.2|34.3|marine biome|00000447|surface water|00002042|environmental material|00010483|8.03|0.06|NaN|NaN|NaN|NaN|NaN|NaN|NaN|NaN|NaN|NaN|NaN|NaN|NaN|NaN|NaN|NaN|NaN|NaN|NaN|NaN|NaN|6830|FRA||||Celtic-Biscay Shelf|0
87|OSD87_2015-06-21_4m_NPL022|AB0KN55|""|""|50.3508|2.3703|50.35|2.3031|4|2015-06-21|11:01:00+01|11:09:00+01|2015-06-21T10:01:00+00|2015-06-21T10:09:00+00|UK Shelf - North Sea|||NPL022|""|""|""|""|13.8|35.23|marine biome|00000447|surface water|00002042|environmental material|00010483|NaN|NaN|NaN|NaN|NaN|NaN|NaN|NaN|NaN|NaN|NaN|NaN|NaN|NaN|NaN|NaN|NaN|NaN|NaN|NaN|NaN|NaN|NaN|0|FRA|||||
81|OSD81_2015-06-21_0m_NPL022|AB0KO57|""|""|37.005053|-7.973119|37.005053|-7.973119|0|2015-06-21|11:00:00+01|11:20:00+01|2015-06-21T10:00:00+00|2015-06-21T10:20:00+00|Ria Formosa Lagoon|North Atlantic Ocean|1912|NPL022|OSD Summer Solstice 2015|""|5L Plastic Water Gallons, Disinfected (10% HCl)|Filtering with peristaltic pump. Water gallons kept cool while filtering|24.1|33.2|biome|00000428|environmental feature|00002297|environmental material|00010483|NaN|NaN|NaN|NaN|NaN|NaN|NaN|NaN|NaN|NaN|NaN|NaN|NaN|NaN|NaN|NaN|NaN|NaN|NaN|NaN|NaN|NaN|NaN|407|PRT||||Iberian Coastal|0
78|OSD78_2015-06-22_0.5m_NPL022|AB0KO36|""|""|43.57|13.595|43.57|13.595|0.5|2015-06-22|00:30:00-01|13:00:00-01|2015-06-22T01:30:00+00|2015-06-22T14:00:00+00|CONISMA|Adriatic Sea|3314|NPL022|""|""|""|""|22.5|36.15|biome|00000428|environmental feature|00002297|environmental material|00010483|NaN|NaN|NaN|NaN|NaN|NaN|NaN|NaN|NaN|NaN|NaN|NaN|NaN|NaN|NaN|NaN|NaN|NaN|NaN|NaN|NaN|NaN|NaN|247|ITA||||Mediterranean Sea|47
77|OSD77_2015-06-22_0.5m_NPL022_rnalater|AB0KN60|""|""|43.8514|13.0731|43.8514|13.0731|0.5|2015-06-22|11:30:00+01|12:00:00+01|2015-06-22T10:30:00+00|2015-06-22T11:00:00+00|Metauro|Adriatic Sea|3314|NPL022_rnalater|Long-term monitoring. We are interested in understanding the spatio-temporal patterns of phytoplankton and bacterioplankton  composition and environmental conditions. Sampling for OSD MicroB3 Project.|""|tanks; Multiparametric Probe Idronaut Ocean Seven 316|coastal sampling|21.22|35.22|biome|00000428|environmental feature|00002297|environmental material|00010483|8.31|0.045|NaN|NaN|NaN|NaN|NaN|NaN|NaN|NaN|NaN|NaN|NaN|NaN|NaN|NaN|NaN|NaN|NaN|NaN|NaN|NaN|NaN|2079|ITA||||Mediterranean Sea|0
76|OSD76_2015-06-22_0.5m_NPL022_rnalater|AB0KO22|""|""|43.9475|12.935|43.9475|12.935|0.5|2015-06-22|10:01:00+01|10:20:01+01|2015-06-22T09:01:00+00|2015-06-22T09:20:01+00|Foglia|Adriatic Sea|3314|NPL022_rnalater|Long-term monitoring. We are interested in understanding the spatio-temporal patterns of phytoplankton and bacterioplankton  composition and environmental conditions. Sampling for OSD MicroB3 Project.|""|tanks; Multiparametric Probe Idronaut Ocean Seven 316|coastal water sampling|22.01|35|biome|00000428|environmental feature|00002297|environmental material|00010483|8.4|0.044|NaN|NaN|NaN|NaN|NaN|NaN|NaN|NaN|NaN|NaN|NaN|NaN|NaN|NaN|NaN|NaN|NaN|NaN|NaN|NaN|NaN|2898|ITA||||Mediterranean Sea|0
74|OSD74_2015-06-21_0m_NPL022_rnalater|AB0KN42|""|""|41.1463|-8.6668|41.1463|-8.6668|0|2015-06-21|12:11:00+00|12:42:00+00|2015-06-21T12:11:00+00|2015-06-21T12:42:00+00|Douro Estuary|North Atlantic Ocean|1912|NPL022_rnalater|Investigate Ocean Microbial Diversity|""|Acid Washed Bucket|Surface water was collected < 1m.|20.2|16.36|biome|00000428|environmental feature|00002297|environmental material|00010483|8.08|0.212|NaN|NaN|NaN|NaN|NaN|NaN|NaN|NaN|NaN|NaN|NaN|NaN|NaN|NaN|NaN|NaN|NaN|NaN|NaN|NaN|NaN|0|PRT||||Iberian Coastal|0
73|OSD73_2015-06-21_0m_NPL022_rnalater|AB0KN41|""|""|41.683|-8.834|41.683|-8.834|0|2015-06-21|12:10:00+00|12:30:00+00|2015-06-21T12:10:00+00|2015-06-21T12:30:00+00|Lima Estuary|North Atlantic Ocean|1912|NPL022_rnalater|Investigate Ocean Microbial Diversity|""|Acid Washed Bucket|Sample was collected in the surface <1m|19.5|26.7|biome|00000428|environmental feature|00002297|environmental material|00010483|8.03|NaN|NaN|NaN|NaN|NaN|NaN|NaN|NaN|NaN|NaN|NaN|NaN|NaN|NaN|NaN|NaN|NaN|NaN|NaN|NaN|NaN|NaN|297|PRT||||Iberian Coastal|62
72|OSD72_2015-06-21_25m_NPL022|AB0KO26|""|""|54.5|-10|54.5|-10|25|2015-06-21|11:30:00+00|14:00:00+00|2015-06-21T11:30:00+00|2015-06-21T14:00:00+00|Boknis Eck|North Atlantic Ocean|1912|NPL022|""|""|10L Niskin bottle|""|7|18|biome|00000428|environmental feature|00002297|environmental material|00010483|NaN|NaN|NaN|NaN|NaN|NaN|NaN|NaN|NaN|NaN|NaN|NaN|NaN|NaN|NaN|NaN|NaN|NaN|NaN|NaN|NaN|NaN|NaN|20857|IRL||||Celtic-Biscay Shelf|0
72|OSD72_2015-06-21_0m_NPL022|AB0KO69|""|""|54.5|-10|54.5|-10|0|2015-06-21|11:30:00+00|14:00:00+00|2015-06-21T11:30:00+00|2015-06-21T14:00:00+00|Boknis Eck|North Atlantic Ocean|1912|NPL022|""|""|10L Niskin bottle|""|7|18|biome|00000428|environmental feature|00002297|environmental material|00010483|NaN|NaN|NaN|NaN|NaN|NaN|NaN|NaN|NaN|NaN|NaN|NaN|NaN|NaN|NaN|NaN|NaN|NaN|NaN|NaN|NaN|NaN|NaN|20857|IRL||||Celtic-Biscay Shelf|0
71|OSD71_2015-06-20_0m_NPL022|AB0KN67|""|""|-45.7442|170.7706|-45.7798|170.7761|0|2015-06-20|10:45:00-11|10:55:00-11|2015-06-20T21:45:00+00|2015-06-20T21:55:00+00|Otago|South Pacific Ocean|1910|NPL022|Prokaryotes|""|Bucket, Horiba U50 Multiparameter|""|10.06|34.9|biome|00000428|environmental feature|00002297|environmental material|00010483|NaN|NaN|NaN|NaN|NaN|NaN|NaN|NaN|NaN|NaN|NaN|NaN|NaN|NaN|NaN|NaN|NaN|NaN|NaN|NaN|NaN|NaN|NaN|4621|NZL||||New Zealand Shelf|0
70|OSD70_2015-06-21_0m_NPL022_rnalater|AB0KN78|""|""|45.4142|12.4378|45.4142|12.4378|0|2015-06-21|09:20:00+01|09:21:00+01|2015-06-21T08:20:00+00|2015-06-21T08:21:00+00|Lido|Adriatic Sea|3314|NPL022_rnalater|sampling|""|10 L bottle|Particulate matter on a 0.22 pore size filter|22.5|32.7|biome|00000428|environmental feature|00002297|environmental material|00010483|7.83|0.25|NaN|NaN|NaN|NaN|NaN|NaN|NaN|NaN|NaN|NaN|NaN|NaN|NaN|NaN|NaN|NaN|NaN|NaN|NaN|NaN|NaN|1547|ITA||||Mediterranean Sea|0
69|OSD69_2015-06-21_0m_NPL022_rnalater|AB0KO34|""|""|45.4568|12.2605|45.4568|12.2605|0|2015-06-21|15:15:00+01|15:16:00+01|2015-06-21T14:15:00+00|2015-06-21T14:16:00+00|Marghera|Adriatic Sea|3314|NPL022_rnalater|sampling|""|10 L bottle|particulate matter on a 0.22 pore size filter|25.2|30.57|biome|00000428|environmental feature|00002297|environmental material|00010483|7.9|1.35|NaN|NaN|NaN|NaN|NaN|NaN|NaN|NaN|NaN|NaN|NaN|NaN|NaN|NaN|NaN|NaN|NaN|NaN|NaN|NaN|NaN|0|ITA||||Mediterranean Sea|16
64|OSD64_2015-06-22_1m_NPL022_rnalater|AB0KN73|""|""|46.44155|30.77595|46.44155|30.775021|1|2015-06-22|||||Odessa|Black Sea|3319|NPL022_rnalater|Sampling water for investigation of bacterial community of the Black Sea in frames of OSD project|""|Molchanov bottle|water|21|17.1|biome|00000428|environmental feature|00002297|environmental material|00010483|8.3|5|NaN|NaN|NaN|NaN|NaN|NaN|NaN|NaN|NaN|NaN|NaN|NaN|NaN|NaN|NaN|NaN|NaN|NaN|NaN|NaN|NaN|145|UKR||||Black Sea|1258
63|OSD63_2015-06-22_0m_NPL022_rnalater|AB0KN45|""|""|45.314350|12.508317|45.314350|12.508317|0|2015-06-22|11:45:00+01|12:15:00+01|2015-06-22T10:45:00+00|2015-06-22T11:15:00+00|Venice Acqua Alta|Adriatic Sea|3314|NPL022_rnalater|Ocean Sampling Day 2015|""|5 Lt bottle|we sent 5 sterivex filter, each obtained from filtering 2 liters of surface waters and stored with rnalater 1- OSD63_06_15_VENICEACQUAALTA_NPL022_1_SURFACE 2- OSD63_06_15_VENICEACQUAALTA_NPL022_2_SURFACE 3- OSD63_06_15_VENICEACQUAALTA_NPL022_3_SURFACE 4- OSD63_06_15_VENICEACQUAALTA_NPL022_4_SURFACE 5- OSD63_06_15_VENICEACQUAALTA_NPL022_5_SURFACE|22.3|36.187|biome|00000428|environmental feature|00002297|environmental material|00010483|NaN|0.19|NaN|NaN|NaN|NaN|NaN|NaN|NaN|NaN|NaN|NaN|NaN|NaN|NaN|NaN|NaN|NaN|NaN|NaN|NaN|NaN|NaN|13918|ITA||||Mediterranean Sea|0
62|OSD62_2015-06-21_0m_NPL022|AB0KO64|""|""|53.2253|4.1593|53.2253|4.1593|0|2015-06-21|16:00:00+00|16:15:00+00|2015-06-21T16:00:00+00|2015-06-21T16:15:00+00|Manai Straits|North Sea|2350|NPL022|""|""|""|""|15|33|biome|00000428|surface water|00002042|environmental material|00010483|NaN|NaN|NaN|NaN|NaN|NaN|NaN|NaN|NaN|NaN|NaN|NaN|NaN|NaN|NaN|NaN|NaN|NaN|NaN|NaN|NaN|NaN|NaN|41867|NLD||||North Sea|0
61|OSD61_2015-06-21_0.5m_NPL022_rnalater|AB0KN72|""|""|41.524467|-70.672174|41.524467|-70.672174|0.5|2015-06-21|14:30:00-05|14:50:00-05|2015-06-21T19:30:00+00|2015-06-21T19:50:00+00|Vineyard Sound|North Atlantic Ocean|1912|NPL022_rnalater|Sampling off the MBL Dock for OSD 2015|""|Bucket|1L sterile PET bottles were filled from the main 20L volume and filtered onto sterivex using a vacuum pump and sterile connections|18.3|31.5|biome|00000428|environmental feature|00002297|environmental material|00010483|NaN|NaN|NaN|NaN|NaN|NaN|NaN|NaN|NaN|NaN|NaN|NaN|NaN|NaN|NaN|NaN|NaN|NaN|NaN|NaN|NaN|NaN|NaN|0|USA||||Northeast U.S. Continental Shelf|0
60|OSD60_2015-06-22_0.1m_NPL022_rnalater|AB0KO45|""|""|33.32306|-79.16763|33.32306|-79.168|0.1|2015-06-22|13:20:00-05|13:40:00-05|2015-06-22T18:20:00+00|2015-06-22T18:40:00+00|South Carolina 2 - North Inlet|North Atlantic Ocean|1912|NPL022_rnalater|water sampling for prokaryotic DNA|""|sterile plastic jars|OSD60, North Inlet, SC, North Atlantic Ocean|30.1|35.4|biome|00000428|environmental feature|00002297|environmental material|00010483|7.7|NaN|NaN|NaN|NaN|NaN|NaN|NaN|NaN|NaN|NaN|NaN|NaN|NaN|NaN|NaN|NaN|NaN|NaN|NaN|NaN|NaN|NaN|90|USA||||Southeast U.S. Continental Shelf|841
59|OSD59_2015-06-22_0.6m_NPL022_rnalater|AB0KO48|""|""|38.311995|-123.083368|38.311995|-123.083368|0.6|2015-06-22|11:00:00-08|11:10:00-08|2015-06-22T19:00:00+00|2015-06-22T19:10:00+00|Bodega|North Pacific Ocean|1908|NPL022_rnalater|marine microbial diversity|""|Bucket|OSD59_06_15_Bodega(California)_NPL022_1_0.6m OSD59_06_15_Bodega(California)_NPL022_2_0.6m OSD59_06_15_Bodega(California)_NPL022_3_0.6m OSD59_06_15_Bodega(California)_NPL022_4_0.6m OSD59_06_15_Bodega(California)_NPL022_5_0.6m|11.15|33.68|biome|00000428|environmental feature|00002297|environmental material|00010483|NaN|NaN|NaN|NaN|NaN|NaN|NaN|NaN|NaN|NaN|NaN|NaN|NaN|NaN|NaN|NaN|NaN|NaN|NaN|NaN|NaN|NaN|NaN|1020|USA||||California Current|0
58|OSD58_2015-06-21_1m_NPL022_rnalater|AB0KO04|""|""|34.7181|-76.6707|34.7181|-76|1|2015-06-21|10:45:00+05:30|11:45:00+05:30|2015-06-21T05:15:00+00|2015-06-21T06:15:00+00|PICO|North Atlantic Ocean|1912|NPL022_rnalater|Time series|""|Cole-parmer portable sampling pump with sterile silicone tubes|1|28.5|37.4|biome|00000428|estuary|00000045|sea water|00002149|NaN|NaN|NaN|NaN|NaN|NaN|NaN|NaN|NaN|NaN|NaN|NaN|NaN|NaN|NaN|NaN|NaN|NaN|NaN|NaN|NaN|NaN|NaN|0|USA||||Southeast U.S. Continental Shelf|0
55|OSD55_2015-06-21_1m_NPL022_rnalater|AB0KO65|""|""|43.8604|-69.5781|43.8604|-69.5781|1|2015-06-21|12:57:00-05|13:12:00-05|2015-06-21T17:57:00+00|2015-06-21T18:12:00+00|Maine Damariscotta River|North Atlantic Ocean|1912|NPL022_rnalater|Sampling from 1m off the floating dock at Bigelow Laboratory for Ocean Sciences (Maine, Damariscotta River)|""|5 L Niskin|OSD55_06_15_Damariscotta_NPL022_1M|12.1|32.5|biome|00000428|environmental feature|00002297|environmental material|00010483|NaN|NaN|NaN|NaN|NaN|NaN|NaN|NaN|NaN|NaN|NaN|NaN|NaN|NaN|NaN|NaN|NaN|NaN|NaN|NaN|NaN|NaN|NaN|0|USA||||Northeast U.S. Continental Shelf|758
54|OSD54_2015-06-21_1m_NPL022_rnalater|AB0KO46|""|""|43.8444|-69.6409|43.8444|-69.6409|1|2015-06-21|12:46:00-05|13:16:00-05|2015-06-21T17:46:00+00|2015-06-21T18:16:00+00|Maine Booth Bay|North Atlantic Ocean|1912|NPL022_rnalater|Sampling at 1m from floating dock at Department of Marine Resources Maine for OSD and regular dock study time series|""|3L Niskin|OSD54_06_15_Maine Booth Bay_NPL022_1M|16.5|31|biome|00000428|environmental feature|00002297|environmental material|00010483|NaN|NaN|NaN|NaN|NaN|NaN|NaN|NaN|NaN|NaN|NaN|NaN|NaN|NaN|NaN|NaN|NaN|NaN|NaN|NaN|NaN|NaN|NaN|189|USA||||Northeast U.S. Continental Shelf|0
51|OSD51_2015-06-22_2m_NPL022_rnalater|AB0KN85|""|""|9.3485|82.2660|9.3485|82.2660|2|2015-06-22|13:09:00+05|13:18:00+05|2015-06-22T08:09:00+00|2015-06-22T08:18:00+00|Bocas del Toro|Bay of Bengal|4273|NPL022_rnalater|Marine Global Earth Observatories (MarineGEO), directed by the Smithsonianâs Tennenbaum Marine Observatories Network (TMON), is the first long-term, worldwide research program to focus on understanding coastal marine life and its role in maintaining resilient ecosystems around the world. By specializing in coastal ecosystemsâwhere marine biodiversity and people are concentrated and interact mostâthis initiative will provide policymakers with the science to support innovative solutions and advance management and protection of our oceans.  Under this umbrella the Bocas del Toro Research Station as part of Smithsonian Tropical Research Institute has included the study of the biodiversity of marine bacterias as an essential of understanding of the marine ecosystem.|""|Van Dorn Water sampling bottle 2.2 liters/YSI multiparametric Xylem, EXO2|Samples were taken at 2 depths 0 m & 20 m|28.4|31.8|biome|00000428|environmental feature|00002297|environmental material|00010483|8.09|NaN|NaN|NaN|NaN|NaN|NaN|NaN|NaN|NaN|NaN|NaN|NaN|NaN|NaN|NaN|NaN|NaN|NaN|NaN|NaN|NaN|NaN|138098|LKA||||Bay of Bengal|0
50|OSD50_2015-06-22_0m_NPL022|AB0KO15|""|""|43.333333|-1.925|43.333333|-1.9312|0|2015-06-22|07:57:00+01|08:57:00+01|2015-06-22T06:57:00+00|2015-06-22T07:57:00+00|Pasaia|Bay of Biscay|2359|NPL022|OSD|""|AZTI Hiru|""|NaN|NaN|marine biome|00000447|surface water|00002042|environmental material|00010483|NaN|NaN|NaN|NaN|NaN|NaN|NaN|NaN|NaN|NaN|NaN|NaN|NaN|NaN|NaN|NaN|NaN|NaN|NaN|NaN|NaN|NaN|NaN|0|ESP||||Iberian Coastal|209
49|OSD49_2015-06-21_0m_NPL022|""|""|""|45.6166667|-13.55|45.6166667|-13.55|0|2015-06-21|11:30:00-01|00:30:00-01|2015-06-21T12:30:00+00|2015-06-21T01:30:00+00|Vida|North Atlantic Ocean|1912|NPL022|""|""|Clean bucket|Cleaning and sampling was performed according to the OSD protocol|20.94|37.11|biome|00000428|environmental feature|00002297|environmental material|00010483|NaN|NaN|NaN|NaN|NaN|NaN|NaN|NaN|NaN|NaN|NaN|NaN|NaN|NaN|NaN|NaN|NaN|NaN|NaN|NaN|NaN|NaN|NaN|440910|ESP|||||
43|OSD43_2015-06-21_7m_NE08|""|""|""|32.867|-117.257|32.867|-117.257|7|2015-06-21|10:45:00-08|11:40:00-08|2015-06-21T18:45:00+00|2015-06-21T19:40:00+00|SIO Pier|North Pacific Ocean|1908|NE08|Describing microbial community at a depth sample.|""|10L Single Niskin Bottle|Some stratification below 3 m present when this sample was taken. Very windy.|19.7|33.3|biome|00000428|environmental feature|00002297|environmental material|00010483|NaN|NaN|NaN|NaN|NaN|NaN|NaN|NaN|NaN|NaN|NaN|NaN|NaN|NaN|NaN|NaN|NaN|NaN|NaN|NaN|NaN|NaN|NaN|380|USA||||California Current|0
48|OSD48_2015-06-21_0m_NPL022_rnalater|AB0KN93|""|""|45.4125|12.5265|45.4125|12.5265|0|2015-06-21|10:05:00+01|10:07:00+01|2015-06-21T09:05:00+00|2015-06-21T09:07:00+00|Venice Gulf|Adriatic Sea|3314|NPL022_rnalater|sampling|""|10 L bottle|particulate matter on a 0.22 um pore size filter|22.2|36.29|biome|00000428|environmental feature|00002297|environmental material|00010483|7.9|1|NaN|NaN|NaN|NaN|NaN|NaN|NaN|NaN|NaN|NaN|NaN|NaN|NaN|NaN|NaN|NaN|NaN|NaN|NaN|NaN|NaN|5262|ITA||||Mediterranean Sea|0
47|OSD47_2015-06-21_1m_NPL022_rnalater|AB0KO40|""|""|45.502|12.4176|45.502|12.4176|1|2015-06-21|12:00:00+01|12:03:00+01|2015-06-21T11:00:00+00|2015-06-21T11:03:00+00|Venice Lagoon|Adriatic Sea|3314|NPL022_rnalater|sampling|""|10L Bottle|particulate matter on a 0.22 um pore size filter|21.8|28.98|biome|00000428|environmental feature|00002297|environmental material|00010483|7.78|0.5|NaN|NaN|NaN|NaN|NaN|NaN|NaN|NaN|NaN|NaN|NaN|NaN|NaN|NaN|NaN|NaN|NaN|NaN|NaN|NaN|NaN|253|ITA||||Mediterranean Sea|104
45|OSD45_2015-06-20_0m_NPL022|AB0KO68|""|""|27.61578|-82.72587|27.61578|-82.72587|0|2015-06-20|22:00:00+05:45|22:15:00+05:45|2015-06-20T16:15:00+00|2015-06-20T16:30:00+00|Tampa Bay|Gulf of Mexico|4288|NPL022|OSD Summer Solstice 2015 from Fort Desoto Pier (Mullet Key) at mouth of Tampa Bay, FL, USA. Prokaryotic samples: 9 replicate filters of 2 liters each. Five filters were sent to MPI for analysis, and four filters were archived in ultracold freezer at NOAA-AOML|""|20L Carboy|Collection bucket, sample carboy, and pump hose cleaned with 10% HCI, then with 80% ethanol, then rinsed repeatedly with sterile water. Final rinse with sample site water. First 5 replicate sterivex filters shipped to Germany, remainder are stored at -80°C at NOAA-AOML.|30.5|35.03|biome|00000428|environmental feature|00002297|environmental material|00010483|7.83|NaN|NaN|NaN|NaN|NaN|NaN|NaN|NaN|NaN|NaN|NaN|NaN|NaN|NaN|NaN|NaN|NaN|NaN|NaN|NaN|NaN|NaN|130|USA||||Gulf of Mexico|0
43|OSD43_2015-06-21_0m_NPL022_rnalater|AB0KO08|""|""|32.86698|-117.25725|32.86698|-117.257|0|2015-06-21|11:20:00-08|14:15:00-08|2015-06-21T19:20:00+00|2015-06-21T22:15:00+00|SIO Pier|North Pacific Ocean|1908|NPL022_rnalater|Sampling for microbial diversity at a long-term coastal monitoring site|""|10L bucket|windy so water was fairly well mixed; we have a depth profile of temperature|19.92|33.39|biome|00000428|environmental feature|00002297|environmental material|00010483|NaN|NaN|NaN|NaN|NaN|NaN|NaN|NaN|NaN|NaN|NaN|NaN|NaN|NaN|NaN|NaN|NaN|NaN|NaN|NaN|NaN|NaN|NaN|402|USA||||California Current|0
42|OSD42_2015-06-21_5m_NPL022_rnalater|""|""|""|38.26861|15.63708|38.26861|15.63708|5|2015-06-21|09:00:00+01|09:30:00+01|2015-06-21T08:00:00+00|2015-06-21T08:30:00+00|Faro Lake|Tyrrhenian Sea|3386|NPL022_rnalater|Meromictic lakes are unusual hydrological formations where bodies of water follow a seasonal cycle of stratification but do not mix completely. High biological activities occur in these layers, making interesting the study of this environment.|""|Niskin bottle|n|20|36.9|biome|00000428|environmental feature|00002297|environmental material|00010483|NaN|NaN|NaN|NaN|NaN|NaN|NaN|NaN|NaN|NaN|NaN|NaN|NaN|NaN|NaN|NaN|NaN|NaN|NaN|NaN|NaN|NaN|NaN|0|ITA||||Mediterranean Sea|326
41|OSD41_2015-06-21_1m_NPL022_rnalater|AB0KN47|""|""|48.04051|-123.0257|48.04051|-123.026|1|2015-06-21|09:21:00-08|10:32:00-08|2015-06-21T17:21:00+00|2015-06-21T18:32:00+00|Sequim Bay Park|The Coastal Waters of Southeast Alaska and British Columbia|4313|NPL022_rnalater|This is a site that has been monitored for several years and is of historical interest due to a high frequency of harmful algal blooms.|""|Alpha water sampler, horizontal pvc by Wildco, 4.2L|Seawater sample|14|22.41|biome|00000428|environmental feature|00002297|environmental material|00010483|NaN|NaN|NaN|NaN|NaN|NaN|NaN|NaN|NaN|NaN|NaN|NaN|NaN|NaN|NaN|NaN|NaN|NaN|NaN|NaN|NaN|NaN|NaN|155|USA||||Gulf of Alaska|1983
39|OSD39_2015-06-22_0.1m_NPL022_rnalater|AB0KN98|""|""|32.7524|-79.89954|32.7524|-79.9|0.1|2015-06-22|13:00:00+08|13:15:00+08|2015-06-22T05:00:00+00|2015-06-22T05:15:00+00|Charleston Harbor|North Atlantic Ocean|1912|NPL022_rnalater|water sampling for prokaryote DNA|""|sterile plastic jars|water sample collected in sterile plastic jars|31.86|22.23|biome|00000428|environmental feature|00002297|environmental material|00010483|8.13|NaN|NaN|NaN|NaN|NaN|NaN|NaN|NaN|NaN|NaN|NaN|NaN|NaN|NaN|NaN|NaN|NaN|NaN|NaN|NaN|NaN|NaN|42|USA||||Southeast U.S. Continental Shelf|0
38|OSD38_2015-06-22_0m_NPL022|AB0KN62|""|""|24.7449|-80.78375|24.7449|-82.78375|0|2015-06-22|15:30:00+05:30|15:45:00+05:30|2015-06-22T10:00:00+00|2015-06-22T10:15:00+00|Long Key|North Atlantic Ocean|1912|NPL022|OSD Summer Solstice 2015 from Tennessee Reef at Long Key, Florida, USA. Prokaryotic samples: 5 replicate filters of 4 liters each. Four filters were sent to MPI for analysis, one filter archived in ultracold freezer at NOAA-AOML|""|20L Carboy|Collection bucket, sample carboy, and pump hose cleaned with 10% HCI, then with 80% ethanol, then rinsed repeatedly with sterile water. Final rinse with sample site water. First 5 replicate sterivex filters shipped to Germany, remainder are stored at -80°C at NOA-AOML.|30.6|37.12|biome|00000428|environmental feature|00002297|environmental material|00010483|7.92|NaN|NaN|NaN|NaN|NaN|NaN|NaN|NaN|NaN|NaN|NaN|NaN|NaN|NaN|NaN|NaN|NaN|NaN|NaN|NaN|NaN|NaN|6942|USA||||Caribbean Sea|0
37|OSD37_2015-06-22_0m_NPL022|AB0KO67|""|""|26.10293|-80.09315|26.10293|-80.09315|0|2015-06-22|00:15:00+05:30|00:35:00+05:30|2015-06-22T18:45:00+00|2015-06-22T19:05:00+00|Port Everglades|North Atlantic Ocean|1912|NPL022|OSD Summer Solstice 2015 from reef tract near Port Everglades Inlet, Florida USA. Prokaryotic samples: 8 replicate filters of 3 liters each. Five filters were sent to MPI for analysis, and three filters were archived in ultracold freezer at NOAA-AOML|""|20L Carboy|Collection bucket, sample carboy, and pump hose cleaned with 10% HCI, then with 80% ethanol, then rinsed repeatedly with sterile water. Final rinse with sample site water. First 5 replicate sterivex filters shipped to Germany, remainder are stored at -80CC at NOAA-AOML.|29|36.54|biome|00000428|environmental feature|00002297|environmental material|00010483|7.58|NaN|NaN|NaN|NaN|NaN|NaN|NaN|NaN|NaN|NaN|NaN|NaN|NaN|NaN|NaN|NaN|NaN|NaN|NaN|NaN|NaN|NaN|1069|USA||||Southeast U.S. Continental Shelf|0
36|OSD36_2015-06-15_0m_NPL022_rnalater|AB0KN63|""|""|39.3325|-75.9718|39.3325|-75.9718|0|2015-06-15|09:00:00-05|10:00:00-05|2015-06-15T14:00:00+00|2015-06-15T15:00:00+00|Delaware|North Atlantic Ocean|1912|NPL022_rnalater|Filter seawater from Delaware Coast|""|YSI|Surface Sample|26.39|0.42|biome|00000428|environmental feature|00002297|environmental material|00010483|7.45|NaN|NaN|NaN|NaN|NaN|NaN|NaN|NaN|NaN|NaN|NaN|NaN|NaN|NaN|NaN|NaN|NaN|NaN|NaN|NaN|NaN|NaN|0|USA||||Northeast U.S. Continental Shelf|3941
34|OSD34_2015-06-21_1m_NPL022_rnalater|AB0KO56|""|""|31.21667|29.96667|31.21667|29.96667|1|2015-06-21|10:30:00+02|11:00:00+02|2015-06-21T08:30:00+00|2015-06-21T09:00:00+00|Alexandria|Mediterranean Sea - Eastern Basin|4280|NPL022_rnalater|Ocean Microbial diversity|""|10 L Plastic Jug|seawater |28|36|biome|00000428|environmental feature|00002297|environmental material|00010483|7.82|NaN|NaN|NaN|NaN|NaN|NaN|NaN|NaN|NaN|NaN|NaN|NaN|NaN|NaN|NaN|NaN|NaN|NaN|NaN|NaN|NaN|NaN|0|EGY||||Mediterranean Sea|2782
30|OSD30_2015-06-16_0m_NPL022_rnalater|AB0KN64|""|""|59.882|23.254|59.882|23.254|0|2015-06-16|08:45:00+02|09:00:00+02|2015-06-16T06:45:00+00|2015-06-16T07:00:00+00|Tvärminne|Gulf of Finland|2407|NPL022_rnalater|Dedicated OSD sampling event.|""|Polyethylene bucket|Surface water from brackish-water Northern Baltic Sea|9.05|6.03|biome|00000428|environmental feature|00002297|environmental material|00010483|7.9|0.33|NaN|NaN|NaN|NaN|NaN|NaN|NaN|NaN|NaN|NaN|NaN|NaN|NaN|NaN|NaN|NaN|NaN|NaN|NaN|NaN|NaN|1311|FIN||||Baltic Sea|0
29|OSD29_2015-06-21_0m_NPL022_rnalater|AB0KN97|""|""|27.479533|-80.2812|27.479533|-80.2812|0|2015-06-21|03:45:00-05|07:55:00-05|2015-06-21T08:45:00+00|2015-06-21T12:55:00+00|Florida|North Atlantic Ocean|1912|NPL022_rnalater|Ocean Sampling Day, collect marine microbes for genetic analysis|""|10% acid washed buckets|Buckets used for surface collection of seawater.|27.7|36.76|biome|00000428|environmental feature|00002297|environmental material|00010483|NaN|NaN|NaN|NaN|NaN|NaN|NaN|NaN|NaN|NaN|NaN|NaN|NaN|NaN|NaN|NaN|NaN|NaN|NaN|NaN|NaN|NaN|NaN|1186|USA||||Southeast U.S. Continental Shelf|0
28|OSD28_2015-06-21_0m_NPL022_rnalater|AB0KO47|""|""|16.802605|-88.081640|16.802605|-88.081640|0|2015-06-21|06:00:00-06|06:00:00-06|2015-06-21T12:00:00+00|2015-06-21T12:00:00+00|Belize|Caribbean Sea|4287|NPL022_rnalater|Ocean Sampling Day- collect marine microbes for genetic analysis|""|5L buckets|Buckets used to collect surface water.|29.7|35.9|biome|00000428|environmental feature|00002297|environmental material|00010483|NaN|NaN|NaN|NaN|NaN|NaN|NaN|NaN|NaN|NaN|NaN|NaN|NaN|NaN|NaN|NaN|NaN|NaN|NaN|NaN|NaN|NaN|NaN|2800|BLZ||||Caribbean Sea|0
27|OSD27_2015-06-21_11.5m_NPL022|AB0KN49|""|""|37.18375|-9.84565|37.18375|-9.84565|11.5|2015-06-21|06:00:00+00|18:00:00+00|2015-06-21T06:00:00+00|2015-06-21T18:00:00+00|Bizerte|North Atlantic Ocean|1912|NPL022|Samples for procaryotes|""|Big bottle (10L)|""|17.5|37.1|biome|00000428|environmental feature|00002297|environmental material|00010483|7.57|0.154|NaN|NaN|NaN|NaN|NaN|NaN|NaN|NaN|NaN|NaN|NaN|NaN|NaN|NaN|NaN|NaN|NaN|NaN|NaN|NaN|NaN|77874|PRT||||Iberian Coastal|0
26|OSD26_2015-06-06_0m_NPL022_rnalater|AB0KO61|""|""|35.82|-5.75|35.82|-5.75|0|2015-06-06|13:00:00+00|15:40:00+00|2015-06-06T13:00:00+00|2015-06-06T15:40:00+00|Tangier|Strait of Gibraltar|3346|NPL022_rnalater|For sequencing and biodiversity analysis|""|bottle 10L|test|18.1|35.32|biome|00000428|environmental feature|00002297|environmental material|00010483|8.21|0.13|NaN|NaN|NaN|NaN|NaN|NaN|NaN|NaN|NaN|NaN|NaN|NaN|NaN|NaN|NaN|NaN|NaN|NaN|NaN|NaN|NaN|216|MAR||||Canary Current|0
25|OSD25_2015-06-06_0m_NPL022_rnalater|AB0KO23|""|""|35.086353|-2.214658|35.086353|-2.214658|0|2015-06-06|||||Saidia Rocher|Alboran Sea|3324|NPL022_rnalater|For sequencing and biodiversity analysis|""|bottle 10L|test|24.2|34.8|biome|00000428|environmental feature|00002297|environmental material|00010483|8.1|NaN|NaN|NaN|NaN|NaN|NaN|NaN|NaN|NaN|NaN|NaN|NaN|NaN|NaN|NaN|NaN|NaN|NaN|NaN|NaN|NaN|NaN|0|MAR||||Mediterranean Sea|0
24|OSD24_2015-06-06_0m_NPL022_rnalater|AB0KO27|""|""|35.1927|-2.88005|35.1927|-2.88005|0|2015-06-06|||||Marchica|Alboran Sea|3324|NPL022_rnalater|Samples sent for sequencing and analysis of the marine biodiversity|""|bottle 10L|test|11.7|35.96|biome|00000428|environmental feature|00002297|environmental material|00010483|8.74|0.04|NaN|NaN|NaN|NaN|NaN|NaN|NaN|NaN|NaN|NaN|NaN|NaN|NaN|NaN|NaN|NaN|NaN|NaN|NaN|NaN|NaN|2362|MAR||||Mediterranean Sea|0
22|OSD22_2015-06-22_2m_NPL022_rnalater|AB0KN46|""|""|43.2386667|5.2875000|43.2386667|5.2875000|2|2015-06-22|10:00:00+01|12:30:00+01|2015-06-22T09:00:00+00|2015-06-22T11:30:00+00|Marseille Solemio SOMLIT|Mediterranean Sea - Western Basin|4279|NPL022_rnalater|Following the prokaryotic diversity in the Bay of Marseille along the years|""|12L Niskin, Seabird SBE911|Surface sample|16.16|38.02|biome|00000428|environmental feature|00002297|environmental material|00010483|NaN|NaN|NaN|NaN|NaN|NaN|NaN|NaN|NaN|NaN|NaN|NaN|NaN|NaN|NaN|NaN|NaN|NaN|NaN|NaN|NaN|NaN|NaN|3269|FRA||||Mediterranean Sea|0
20|OSD20_2015-06-21_0m_NPL022|AB0KO32|""|""|64.208333|-22.015|64.208333|-22.025|0|2015-06-21|14:30:00+01|14:35:00+01|2015-06-21T13:30:00+00|2015-06-21T13:35:00+00|Faxafloi|North Atlantic Ocean|1912|NPL022|""|""|bucket|""|6|NaN|biome|00000428|environmental feature|00002297|environmental material|00010483|8.04|NaN|NaN|NaN|NaN|NaN|NaN|NaN|NaN|NaN|NaN|NaN|NaN|NaN|NaN|NaN|NaN|NaN|NaN|NaN|NaN|NaN|NaN|5090|ISL||||Iceland Shelf and Sea|0
18|OSD18_2015-06-22_50m_NPL022_rnalater|""|""|""|35.363732|33.289649|35.361751|33.289581|50|2015-06-22|10:30:00+02|11:30:00+02|2015-06-22T08:30:00+00|2015-06-22T09:30:00+00|Kyrenia|Mediterranean Sea - Eastern Basin|4280|NPL022_rnalater|Ocean sampling research cruise|""|5l Niskin bottle|Samples taken from the following depths 1, 10, 25, 50 & 75m |18.8|8.315|biome|00000428|environmental feature|00002297|environmental material|00010483|8.315|NaN|NaN|NaN|NaN|NaN|NaN|NaN|NaN|NaN|NaN|NaN|NaN|NaN|NaN|NaN|NaN|NaN|NaN|NaN|NaN|NaN|NaN|2087|CYP||||Mediterranean Sea|0
17|OSD17_2015-06-24_3m_NPL022_rnalater|AB0KN84|""|""|51.434733|2.810867|51.434733|2.807433333|3|2015-06-24|02:51:46+01|02:51:46+01|2015-06-24T01:51:46+00|2015-06-24T01:51:46+00|VLIZ|North Sea|2350|NPL022_rnalater|During Lifewatch monitoring campaign we sampled for OSD as well. |""|Niskinbottle (6 * 4liters)|water sample from 3 meters depth |15.8982|33.1971|biome|00000428|environmental feature|00002297|environmental material|00010483|8|0.22|NaN|NaN|NaN|NaN|NaN|NaN|NaN|NaN|NaN|NaN|NaN|NaN|NaN|NaN|NaN|NaN|NaN|NaN|NaN|NaN|NaN|22619|BEL||||North Sea|0
16|OSD16_2015-06-18_0m_NPL022|""|""|""|58.2502|-11.4468|58.2502|-11.4468|0|2015-06-18|17:50:00-01|18:20:00-01|2015-06-18T18:50:00+00|2015-06-18T19:20:00+00|Kristineberg|North Atlantic Ocean|1912|NPL022|""|""|5L Jerrycan and MyOSD kit|""|NaN|NaN|biome|00000428|environmental feature|00002297|environmental material|00010483|NaN|NaN|NaN|NaN|NaN|NaN|NaN|NaN|NaN|NaN|NaN|NaN|NaN|NaN|NaN|NaN|NaN|NaN|NaN|NaN|NaN|NaN|NaN|171664|GBR|||||
15|OSD15_2015-06-22_50m_NPL022|AB0KO59|""|""|43.6861111|7.31567|43.6861111|7.31566666666667|50|2015-06-22|10:00:00+01|11:10:00+01|2015-06-22T09:00:00+00|2015-06-22T10:10:00+00|Villefranche - SOMLIT|Mediterranean Sea - Western Basin|4279|NPL022|For sequencing microbial biodiversity in a worldwide sampling campaign|""|Niskin bottle and CTD|Some yachts present during the sampling |15.1121|37.9626|biome|00000428|environmental feature|00002297|environmental material|00010483|NaN|NaN|NaN|NaN|NaN|NaN|NaN|NaN|NaN|NaN|NaN|NaN|NaN|NaN|NaN|NaN|NaN|NaN|NaN|NaN|NaN|NaN|NaN|529|FRA||||Mediterranean Sea|0
15|OSD15_2015-06-22_1m_NPL022_rnalater|AB0KO09|""|""|43.68611|7.31566|43.68611|7.31566|1|2015-06-22|08:42:00+01|13:30:00+01|2015-06-22T07:42:00+00|2015-06-22T12:30:00+00|Villefranche - SOMLIT|Mediterranean Sea - Western Basin|4279|NPL022_rnalater|For sequencing microbial biodiversity in a workwide sampling campaing|""|Niskin bottle and CTD|NW Mediterraneas Sea surface Watre sample from the entrance of the Villefranche Bay|23.8671|37.6494|biome|00000428|environmental feature|00002297|environmental material|00010483|NaN|0.029|NaN|NaN|NaN|NaN|NaN|NaN|NaN|NaN|NaN|NaN|NaN|NaN|NaN|NaN|NaN|NaN|NaN|NaN|NaN|NaN|NaN|530|FRA||||Mediterranean Sea|0
14|OSD14_2015-06-22_3m_NPL022|AB0KN51|""|""|42.484|-3.135|42.484|-3.135|3|2015-06-22|08:25:00+01|08:50:00+01|2015-06-22T07:25:00+00|2015-06-22T07:50:00+00|Banyuls|||NPL022|Observation station weekly sampled|""|CTD Probe Seabird 19 and 12L Niskin bottle|""|NaN|NaN|biome|00000428|environmental feature|00002297|environmental material|00010483|NaN|NaN|NaN|NaN|NaN|NaN|NaN|NaN|NaN|NaN|NaN|NaN|NaN|NaN|NaN|NaN|NaN|NaN|NaN|NaN|NaN|NaN|NaN|0|ESP|||||
13|OSD13_2015-06-21_0m_NPL022_rnalater|AB0KO39|""|""|43.185000|27.936667|43.185000|27.936667|0|2015-06-21|10:45:00+02|10:55:00+02|2015-06-21T08:45:00+00|2015-06-21T08:55:00+00|Varna Bay|Black Sea|3319|NPL022_rnalater|New insights into Black Sea bacterial diversity.|""|Nansen bottle|-|20|15.2|biome|00000428|environmental feature|00002297|environmental material|00010483|8.4|NaN|NaN|NaN|NaN|NaN|NaN|NaN|NaN|NaN|NaN|NaN|NaN|NaN|NaN|NaN|NaN|NaN|NaN|NaN|NaN|NaN|NaN|779|BGR||||Black Sea|0
10|OSD10_2015-06-22_1m_NPL022|AB0KN92|""|""|41.839834|83.18995|41.839834|83.18995|1|2015-06-22|16:07:00+08|16:33:00+08|2015-06-22T08:07:00+00|2015-06-22T08:33:00+00|Lake Erie W4|||NPL022|""|""|20L Carboy|""|21.4|NaN|biome|00000428|environmental feature|00002297|environmental material|00010483|NaN|NaN|NaN|NaN|NaN|NaN|NaN|NaN|NaN|NaN|NaN|NaN|NaN|NaN|NaN|NaN|NaN|NaN|NaN|NaN|NaN|NaN|NaN|0|CHN|||||
9|OSD9_2015-06-17_2m_NPL022|AB0KN77|""|""|33.55|118.4|33.55|118.4|2|2015-06-17|09:55:00+08|10:45:00+08|2015-06-17T01:55:00+00|2015-06-17T02:45:00+00|SPOTS|||NPL022|""|""|acid-washed bucket|Sampling performed on surface waters (0-2m depth)|19.2|33.39|biome|00000428|environmental feature|00002297|environmental material|00010483|NaN|NaN|NaN|NaN|NaN|NaN|NaN|NaN|NaN|NaN|NaN|NaN|NaN|NaN|NaN|NaN|NaN|NaN|NaN|NaN|NaN|NaN|NaN|0|CHN|||||
6|OSD6_2015-06-22_0m_NPL022_rnalater|AB0KO06|""|""|41.6666|2.8|41.6666|2.8|0|2015-06-22|10:30:00+01|11:30:00+01|2015-06-22T09:30:00+00|2015-06-22T10:30:00+00|Blanes|Balearic Sea|3322|NPL022_rnalater|OSD 2015|""|bucket for surface water, CTD, radiometer, Secchi disk|surface water|20.59|37.65|biome|00000428|surface water|00002042|environmental material|00010483|NaN|NaN|NaN|NaN|NaN|NaN|NaN|NaN|NaN|NaN|NaN|NaN|NaN|NaN|NaN|NaN|NaN|NaN|NaN|NaN|NaN|NaN|NaN|932|ESP||||Mediterranean Sea|0
5|OSD5_2015-06-22_75m_NPL022|AB0KN52|""|""|35.661|24.99|35.661|24.990000000000002|75|2015-06-22|08:09:00-02|09:36:00-02|2015-06-22T10:09:00+00|2015-06-22T11:36:00+00|Crete|Aegean Sea|3315|NPL022|Ocean Sampling Day|""|5L Niskin Bottle, CTD|75m Deep Chlorophyl Maximum, Maximum Depth 1028m |17.43|39.17|biome|00000428|environmental feature|00002297|environmental material|00010483|NaN|NaN|NaN|NaN|NaN|NaN|NaN|NaN|NaN|NaN|NaN|NaN|NaN|NaN|NaN|NaN|NaN|NaN|NaN|NaN|NaN|NaN|NaN|25382|GRC||||Mediterranean Sea|0
5|OSD5_2015-06-22_1m_NPL022|AB0KO60|""|""|35.661|24.99|35.661|24.99|1|2015-06-22|08:09:00-02|09:36:00-02|2015-06-22T10:09:00+00|2015-06-22T11:36:00+00|Crete|Aegean Sea|3315|NPL022|Ocean Sampling Day|""|5L Niskin Bottle, CTD|Environment depth is 1028m|23.44|39.27|biome|00000428|environmental feature|00002297|environmental material|00010483|NaN|NaN|NaN|NaN|NaN|NaN|NaN|NaN|NaN|NaN|NaN|NaN|NaN|NaN|NaN|NaN|NaN|NaN|NaN|NaN|NaN|NaN|NaN|25382|GRC||||Mediterranean Sea|0
4|OSD4_2015-06-22_0m_NPL022_rnalater|AB0KN44|""|""|40.8080|14.25|40.8080|14.25|0|2015-06-22|09:30:00+01|11:30:00+01|2015-06-22T08:30:00+00|2015-06-22T10:30:00+00|LTER-MC|Tyrrhenian Sea|3386|NPL022_rnalater|OCEAN SAMPLING DAY (2015)|""|10L NISKIN BOTTLES|We sent 5 sterivex filters, each obtained from filtering around 1,5 liters of surface water and stored with rnalater (sterivex filters clogged after 1,5 L of sea water filtered) 1) OSD4_6_15_Naples_NPL022_1_0m 2) OSD4_6_15_Naples_NPL022_2_0m 3) OSD4_6_15_Naples_NPL022_3_0m 4) OSD4_6_15_Naples_NPL022_4_0m 5) OSD4_6_15_Naples_NPL022_5_0m|23.54|37.43|biome|00000428|environmental feature|00002297|environmental material|00010483|NaN|NaN|NaN|NaN|NaN|NaN|NaN|NaN|NaN|NaN|NaN|NaN|NaN|NaN|NaN|NaN|NaN|NaN|NaN|NaN|NaN|NaN|NaN|2034|ITA||||Mediterranean Sea|0
2|OSD2_2015-06-22_60m_NPL022_rnalater|AB0KN69|""|""|48.7778|3.9375|48.7778|3.9375|60|2015-06-22|11:55:00+01|12:35:00+01|2015-06-22T10:55:00+00|2015-06-22T11:35:00+00|Roscoff - SOMLIT|||NPL022_rnalater|The same than last year|""|5 liters Niskin bottle|20 liters of 60m depth seawater filtered on 4 Sterivex cartridges|13.85|35.285|biome|00000428|environmental feature|00002297|environmental material|00010483|7.99|0.17|NaN|NaN|NaN|NaN|NaN|NaN|NaN|NaN|NaN|NaN|NaN|NaN|NaN|NaN|NaN|NaN|NaN|NaN|NaN|NaN|NaN|0|FRA|||||
2|OSD2_2015-06-22_1m_NPL022_rnalater|AB0KN71|""|""|48.7778|3.9375|48.7778|3.9375|1|2015-06-22|11:31:00+01|11:52:00+01|2015-06-22T10:31:00+00|2015-06-22T10:52:00+00|Roscoff - SOMLIT|||NPL022_rnalater|The same as last year|""|5 liters Niskin bottle|18 liters of surface water filtered on4 Sterivex filters (about 4.5 liters per filter)|14.25|35.275|biome|00000428|environmental feature|00002297|environmental material|00010483|8|0.17|NaN|NaN|NaN|NaN|NaN|NaN|NaN|NaN|NaN|NaN|NaN|NaN|NaN|NaN|NaN|NaN|NaN|NaN|NaN|NaN|NaN|0|FRA|||||
1|OSD1_2015-06-22_2m_NPL022|AB0KO33|""|""|50.151|4.13|50.151|4.13|2|2015-06-22|08:00:00+01|09:00:00+01|2015-06-22T07:00:00+00|2015-06-22T08:00:00+00|L4|||NPL022|Inclusion of OSD2015 wit ongoing PhD research of Kim Bird|""|Underway System|""|15.16|35.23|biome|00000428|environmental feature|00002297|environmental material|00010483|NaN|NaN|NaN|NaN|NaN|NaN|NaN|NaN|NaN|NaN|NaN|NaN|NaN|NaN|NaN|NaN|NaN|NaN|NaN|NaN|NaN|NaN|NaN|0|FRA|||||
196|OSD196_2015-06-21_0m_NPL022_rnalater|AB0KN86|""|""|NaN|NaN|NaN|NaN|0|2015-06-21|||||Shark Bay, Australia|||NPL022_rnalater|To sample seawater overlying microbial mats and stromatolites in Shark Bay for downstream metagenomic sequencing analyses|""|0.22 um Sterivex filter and 50 ml hand syringe|Approx 1 m depth from water surface to bottom (low tide)|20.1|68.4|biome|00000428|environmental feature|00002297|environmental material|00010483|NaN|NaN|NaN|NaN|NaN|NaN|NaN|NaN|NaN|NaN|NaN|NaN|NaN|NaN|NaN|NaN|NaN|NaN|NaN|NaN|NaN|NaN|NaN|||||||
122|OSD122_2015-06-21_0.5m_NPL022|AB0KO20|""|""|29.4694444|-35.12361111111111|29.4667|-34.9291|0.5|2015-06-21|22:15:00-02|11:15:00-02|2015-06-21T00:15:00+00|2015-06-21T13:15:00+00|Station A Gulf Of Eilat|North Atlantic Ocean|1912|NPL022|OSD Eliat|""|""|""|25|NaN|biome|00000428|surface water|00002042|environmental material|00010483|NaN|NaN|NaN|NaN|NaN|NaN|NaN|NaN|NaN|NaN|NaN|NaN|NaN|NaN|NaN|NaN|NaN|NaN|NaN|NaN|NaN|NaN|NaN|||||||
197|OSD197_2015-06-21_0.1m_NPL022|AB0KN96|""|""|29.2793|-48.0902|29.2793|-48.0902|0.1|2015-06-21|00:00:00-03|00:45:00-03|2015-06-21T03:00:00+00|2015-06-21T03:45:00+00|Anjafa Beach (Kuwait)|North Atlantic Ocean|1912|NPL022|""|""|5L bucket|""|29.3|42.2|biome|00000428|environmental feature|00002297|environmental material|00010483|NaN|NaN|NaN|NaN|NaN|NaN|NaN|NaN|NaN|NaN|NaN|NaN|NaN|NaN|NaN|NaN|NaN|NaN|NaN|NaN|NaN|NaN|NaN|||||||
46|OSD46_2015-06-22_0.5m_NPL022_rnalater|AB0KO66|""|""|-30.14904|88.44895|-30.14904|88.44895|0.5|2015-06-22|12:15:00+06|12:30:00+06|2015-06-22T06:15:00+00|2015-06-22T06:30:00+00|Horn Island|Indian Ocean|1904|NPL022_rnalater|To determine the microbial diversity and functions in the world's oceans|""|40L Carboy|Water near western tip of Horn Island|30.5|15|biome|00000428|environmental feature|00002297|environmental material|00010483|NaN|NaN|NaN|NaN|NaN|NaN|NaN|NaN|NaN|NaN|NaN|NaN|NaN|NaN|NaN|NaN|NaN|NaN|NaN|NaN|NaN|NaN|NaN|||||||
